Location ID,Location Name,Location Group,Location Type,Sensor ID,Place Open,Local Date/Time,UTC Date/Time,# of aggregated records,PM2.5 (��g/m�,PM2.5 (��g/m��) c,0.3��m particle c,CO2 (ppm) raw,CO2 (ppm) corrected,Temperature (��C),Temperature (��C) corre,Heat Index (��,Humidity (%) raw,Humidity (%) corrected,TVOC (ppb),TVOC index,NOX index,PM1 (��g/,PM10 (��g/,measure0,measure1,measure2,measure3,measure4,measure5,measure6,measure7,measure8,measure9,measure10,measure11,measure12,measure13,measure14,measure15,measure16,measure17,measure18,measure19,timestamp
180021,Cubao,,Outdoor,airgradient:d83bda1c3fb8,False,12/21/2025 23:00,2025-12-21T15:00:00.000Z,48,14.0,27.1,700,740,740,31.1,31.6,41.3,54,76,89,94,1,6.9,15.9,,,,,,,,,,,,,,,,,,,,,2025-12-21 23:00:00+08:00
180021,Cubao,,Outdoor,airgradient:d83bda1c3fb8,False,12/22/2025 0:00,2025-12-21T16:00:00.000Z,60,22.0,26.0,957,638,638,31.1,31.7,40.8,53,74,86,91,1,13.3,23.5,,,,,,,,,,,,,,,,,,,,,2025-12-22 00:00:00+08:00
180021,Cubao,,Outdoor,airgradient:d83bda1c3fb8,False,12/22/2025 1:00,2025-12-21T17:00:00.000Z,58,32.7,32.7,1504,580,580,31.0,31.5,40.2,52,73,54,56,1,23.1,36.9,,,,,,,,,,,,,,,,,,,,,2025-12-22 01:00:00+08:00
180021,Cubao,,Outdoor,airgradient:d83bda1c3fb8,False,12/22/2025 2:00,2025-12-21T18:00:00.000Z,60,22.1,26.1,975,533,533,30.9,31.4,39.7,52,73,34,32,1,14.8,23.6,,,,,,,,,,,,,,,,,,,,,2025-12-22 02:00:00+08:00
180021,Cubao,,Outdoor,airgradient:d83bda1c3fb8,False,12/22/2025 3:00,2025-12-21T19:00:00.000Z,60,2.4,11.7,303,510,510,30.8,31.2,38.9,51,72,18,11,1,0.9,2.6,,,,,,,,,,,,,,,,,,,,,2025-12-22 03:00:00+08:00
180021,Cubao,,Outdoor,airgradient:d83bda1c3fb8,False,12/22/2025 4:00,2025-12-21T20:00:00.000Z,60,4.7,17.1,442,519,519,30.7,31.1,38.5,51,72,35,32,1,2.7,5.0,,,,,,,,,,,,,,,,,,,,,2025-12-22 04:00:00+08:00
180021,Cubao,,Outdoor,airgradient:d83bda1c3fb8,False,12/22/2025 5:00,2025-12-21T21:00:00.000Z,60,4.8,17.0,439,512,512,30.6,31.1,38.2,51,71,21,15,1,2.4,5.2,,,,,,,,,,,,,,,,,,,,,2025-12-22 05:00:00+08:00
180021,Cubao,,Outdoor,airgradient:d83bda1c3fb8,False,12/22/2025 6:00,2025-12-21T22:00:00.000Z,60,22.0,25.7,979,537,537,30.6,31.0,38.2,51,72,27,23,1,14.0,23.8,,,,,,,,,,,,,,,,,,,,,2025-12-22 06:00:00+08:00
180021,Cubao,,Outdoor,airgradient:d83bda1c3fb8,False,12/22/2025 7:00,2025-12-21T23:00:00.000Z,60,31.4,31.4,1388,567,567,30.6,31.0,38.4,52,73,38,37,2,22.2,34.8,,,,,,,,,,,,,,,,,,,,,2025-12-22 07:00:00+08:00
180021,Cubao,,Outdoor,airgradient:d83bda1c3fb8,True,12/22/2025 8:00,2025-12-22T00:00:00.000Z,60,21.9,24.2,960,478,478,30.8,31.2,38.7,51,72,28,25,2,13.8,23.3,,,,,,,,,,,,,,,,,,,,,2025-12-22 08:00:00+08:00
180021,Cubao,,Outdoor,airgradient:d83bda1c3fb8,True,12/22/2025 9:00,2025-12-22T01:00:00.000Z,60,30.3,31.1,1361,435,435,31.1,31.6,38.7,49,69,25,21,3,20.6,34.1,,,,,,,,,,,,,,,,,,,,,2025-12-22 09:00:00+08:00
180021,Cubao,,Outdoor,airgradient:d83bda1c3fb8,True,12/22/2025 10:00,2025-12-22T02:00:00.000Z,60,22.0,26.3,942,482,482,31.1,31.6,39.6,51,72,26,22,1,12.5,24.2,,,,,,,,,,,,,,,,,,,,,2025-12-22 10:00:00+08:00
180021,Cubao,,Outdoor,airgradient:d83bda1c3fb8,True,12/22/2025 11:00,2025-12-22T03:00:00.000Z,60,4.2,15.1,391,432,432,30.7,31.1,38.9,52,73,22,17,1,1.9,4.6,,,,,,,,,,,,,,,,,,,,,2025-12-22 11:00:00+08:00
180021,Cubao,,Outdoor,airgradient:d83bda1c3fb8,True,12/22/2025 12:00,2025-12-22T04:00:00.000Z,60,1.4,10.5,271,411,411,30.7,31.1,38.4,51,71,22,17,1,0.0,1.8,,,,,,,,,,,,,,,,,,,,,2025-12-22 12:00:00+08:00
180021,Cubao,,Outdoor,airgradient:d83bda1c3fb8,True,12/22/2025 13:00,2025-12-22T05:00:00.000Z,56,3.2,13.6,351,400,400,31.2,31.7,39.3,49,69,30,27,1,1.1,3.6,,,,,,,,,,,,,,,,,,,,,2025-12-22 13:00:00+08:00
180021,Cubao,,Outdoor,airgradient:d83bda1c3fb8,True,12/22/2025 14:00,2025-12-22T06:00:00.000Z,49,0.8,8.8,229,403,403,31.4,32.0,39.8,49,69,28,24,1,0.2,0.9,,,,,,,,,,,,,,,,,,,,,2025-12-22 14:00:00+08:00
180021,Cubao,,Outdoor,airgradient:d83bda1c3fb8,True,12/22/2025 15:00,2025-12-22T07:00:00.000Z,60,0.5,8.5,219,420,420,31.8,32.5,41.0,48,68,37,35,1,0.0,0.8,,,,,,,,,,,,,,,,,,,,,2025-12-22 15:00:00+08:00
180021,Cubao,,Outdoor,airgradient:d83bda1c3fb8,True,12/22/2025 16:00,2025-12-22T08:00:00.000Z,58,2.1,11.0,284,425,425,31.8,32.4,40.6,48,68,38,37,1,0.4,2.3,,,,,,,,,,,,,,,,,,,,,2025-12-22 16:00:00+08:00
180021,Cubao,,Outdoor,airgradient:d83bda1c3fb8,True,12/22/2025 17:00,2025-12-22T09:00:00.000Z,60,4.5,14.8,383,452,452,31.7,32.3,40.3,47,67,47,48,2,1.8,4.8,,,,,,,,,,,,,,,,,,,,,2025-12-22 17:00:00+08:00
180021,Cubao,,Outdoor,airgradient:d83bda1c3fb8,True,12/22/2025 18:00,2025-12-22T10:00:00.000Z,60,9.8,22.7,587,451,451,31.1,31.7,38.7,48,68,45,45,2,5.3,10.7,,,,,,,,,,,,,,,,,,,,,2025-12-22 18:00:00+08:00
180021,Cubao,,Outdoor,airgradient:d83bda1c3fb8,True,12/22/2025 19:00,2025-12-22T11:00:00.000Z,59,21.9,26.0,951,590,590,31.2,31.7,39.5,49,69,59,61,3,13.0,23.9,,,,,,,,,,,,,,,,,,,,,2025-12-22 19:00:00+08:00
180021,Cubao,,Outdoor,airgradient:d83bda1c3fb8,False,12/22/2025 20:00,2025-12-22T12:00:00.000Z,60,14.2,25.4,686,573,573,31.4,32.0,40.3,50,70,71,75,2,6.9,15.8,,,,,,,,,,,,,,,,,,,,,2025-12-22 20:00:00+08:00
180021,Cubao,,Outdoor,airgradient:d83bda1c3fb8,False,12/22/2025 21:00,2025-12-22T13:00:00.000Z,60,9.0,22.4,580,592,592,31.4,32.0,39.9,49,69,464,245,2,5.0,10.5,,,,,,,,,,,,,,,,,,,,,2025-12-22 21:00:00+08:00
180021,Cubao,,Outdoor,airgradient:d83bda1c3fb8,False,12/22/2025 22:00,2025-12-22T14:00:00.000Z,58,6.6,19.1,495,582,582,31.4,32.0,39.9,49,69,115,121,2,3.8,7.2,,,,,,,,,,,,,,,,,,,,,2025-12-22 22:00:00+08:00
180021,Cubao,,Outdoor,airgradient:d83bda1c3fb8,False,12/22/2025 23:00,2025-12-22T15:00:00.000Z,60,3.8,14.5,376,553,553,31.4,32.0,39.7,48,68,67,71,2,1.8,4.1,,,,,,,,,,,,,,,,,,,,,2025-12-22 23:00:00+08:00
180021,Cubao,,Outdoor,airgradient:d83bda1c3fb8,False,12/23/2025 0:00,2025-12-22T16:00:00.000Z,60,3.1,13.4,348,530,530,31.3,31.9,39.2,48,67,196,146,2,0.7,3.4,,,,,,,,,,,,,,,,,,,,,2025-12-23 00:00:00+08:00
180021,Cubao,,Outdoor,airgradient:d83bda1c3fb8,False,12/23/2025 1:00,2025-12-22T17:00:00.000Z,60,8.0,21.3,551,499,499,31.1,31.6,38.4,48,67,71,75,2,4.8,8.9,,,,,,,,,,,,,,,,,,,,,2025-12-23 01:00:00+08:00
180021,Cubao,,Outdoor,airgradient:d83bda1c3fb8,False,12/23/2025 2:00,2025-12-22T18:00:00.000Z,60,12.1,25.9,677,512,512,31.0,31.5,38.3,48,68,69,73,2,6.4,13.6,,,,,,,,,,,,,,,,,,,,,2025-12-23 02:00:00+08:00
180021,Cubao,,Outdoor,airgradient:d83bda1c3fb8,False,12/23/2025 3:00,2025-12-22T19:00:00.000Z,60,19.8,23.2,850,528,528,31.0,31.5,38.2,48,67,145,126,2,10.5,21.4,,,,,,,,,,,,,,,,,,,,,2025-12-23 03:00:00+08:00
180021,Cubao,,Outdoor,airgradient:d83bda1c3fb8,False,12/23/2025 4:00,2025-12-22T20:00:00.000Z,60,6.3,19.1,494,506,506,30.8,31.3,37.8,48,68,159,140,2,3.7,6.8,,,,,,,,,,,,,,,,,,,,,2025-12-23 04:00:00+08:00
180021,Cubao,,Outdoor,airgradient:d83bda1c3fb8,False,12/23/2025 5:00,2025-12-22T21:00:00.000Z,60,15.6,22.8,787,510,510,30.8,31.3,37.7,48,68,88,94,2,8.8,16.8,,,,,,,,,,,,,,,,,,,,,2025-12-23 05:00:00+08:00
180021,Cubao,,Outdoor,airgradient:d83bda1c3fb8,False,12/23/2025 6:00,2025-12-22T22:00:00.000Z,60,22.1,22.1,986,558,558,30.8,31.3,37.7,48,68,83,89,2,13.4,23.5,,,,,,,,,,,,,,,,,,,,,2025-12-23 06:00:00+08:00
180021,Cubao,,Outdoor,airgradient:d83bda1c3fb8,False,12/23/2025 7:00,2025-12-22T23:00:00.000Z,60,30.9,30.9,1391,590,590,30.9,31.4,38.3,49,69,145,149,2,22.1,33.9,,,,,,,,,,,,,,,,,,,,,2025-12-23 07:00:00+08:00
180021,Cubao,,Outdoor,airgradient:d83bda1c3fb8,True,12/23/2025 8:00,2025-12-23T00:00:00.000Z,60,30.3,30.3,1332,550,550,31.0,31.5,38.2,48,68,103,109,3,21.7,33.3,,,,,,,,,,,,,,,,,,,,,2025-12-23 08:00:00+08:00
180021,Cubao,,Outdoor,airgradient:d83bda1c3fb8,True,12/23/2025 9:00,2025-12-23T01:00:00.000Z,60,18.8,24.2,875,505,505,31.4,31.9,38.9,47,66,67,70,2,12.2,20.0,,,,,,,,,,,,,,,,,,,,,2025-12-23 09:00:00+08:00
180021,Cubao,,Outdoor,airgradient:d83bda1c3fb8,True,12/23/2025 10:00,2025-12-23T02:00:00.000Z,60,5.5,17.4,450,409,409,32.2,32.9,39.4,42,61,33,31,2,2.9,6.0,,,,,,,,,,,,,,,,,,,,,2025-12-23 10:00:00+08:00
180021,Cubao,,Outdoor,airgradient:d83bda1c3fb8,True,12/23/2025 11:00,2025-12-23T03:00:00.000Z,59,8.0,16.7,485,399,399,32.8,33.6,40.1,40,58,30,27,1,4.1,8.7,,,,,,,,,,,,,,,,,,,,,2025-12-23 11:00:00+08:00
180021,Cubao,,Outdoor,airgradient:d83bda1c3fb8,True,12/23/2025 12:00,2025-12-23T04:00:00.000Z,60,0.2,6.3,163,392,392,32.9,33.8,40.8,40,58,28,25,1,0.0,0.4,,,,,,,,,,,,,,,,,,,,,2025-12-23 12:00:00+08:00
180021,Cubao,,Outdoor,airgradient:d83bda1c3fb8,True,12/23/2025 13:00,2025-12-23T05:00:00.000Z,60,0.2,6.7,173,394,394,32.8,33.6,40.6,41,59,31,28,1,0.0,0.4,,,,,,,,,,,,,,,,,,,,,2025-12-23 13:00:00+08:00
180021,Cubao,,Outdoor,airgradient:d83bda1c3fb8,True,12/23/2025 14:00,2025-12-23T06:00:00.000Z,60,1.3,9.3,242,418,418,32.7,33.5,40.9,42,61,44,44,1,0.3,1.5,,,,,,,,,,,,,,,,,,,,,2025-12-23 14:00:00+08:00
180021,Cubao,,Outdoor,airgradient:d83bda1c3fb8,True,12/23/2025 15:00,2025-12-23T07:00:00.000Z,60,0.6,7.4,191,398,398,32.1,32.8,39.8,43,62,39,38,1,0.1,0.8,,,,,,,,,,,,,,,,,,,,,2025-12-23 15:00:00+08:00
180021,Cubao,,Outdoor,airgradient:d83bda1c3fb8,True,12/23/2025 16:00,2025-12-23T08:00:00.000Z,58,2.0,10.5,273,450,450,32.2,32.9,40.0,44,62,409,288,1,0.1,2.3,,,,,,,,,,,,,,,,,,,,,2025-12-23 16:00:00+08:00
180021,Cubao,,Outdoor,airgradient:d83bda1c3fb8,True,12/23/2025 17:00,2025-12-23T09:00:00.000Z,60,1.2,9.3,241,561,561,32.3,33.1,40.9,44,63,257,238,1,0.0,1.5,,,,,,,,,,,,,,,,,,,,,2025-12-23 17:00:00+08:00
180021,Cubao,,Outdoor,airgradient:d83bda1c3fb8,True,12/23/2025 18:00,2025-12-23T10:00:00.000Z,60,6.0,16.5,440,571,571,32.2,32.9,40.5,45,64,264,223,1,2.8,6.7,,,,,,,,,,,,,,,,,,,,,2025-12-23 18:00:00+08:00
180021,Cubao,,Outdoor,airgradient:d83bda1c3fb8,True,12/23/2025 19:00,2025-12-23T11:00:00.000Z,60,38.8,38.8,1841,554,554,32.0,32.7,40.4,46,65,582,373,1,25.9,45.5,,,,,,,,,,,,,,,,,,,,,2025-12-23 19:00:00+08:00
180021,Cubao,,Outdoor,airgradient:d83bda1c3fb8,False,12/23/2025 20:00,2025-12-23T12:00:00.000Z,60,33.5,33.5,1418,569,569,32.0,32.6,40.4,46,65,207,202,1,22.7,38.5,,,,,,,,,,,,,,,,,,,,,2025-12-23 20:00:00+08:00
180021,Cubao,,Outdoor,airgradient:d83bda1c3fb8,False,12/23/2025 21:00,2025-12-23T13:00:00.000Z,60,32.6,32.6,1407,613,613,31.8,32.4,40.1,47,66,551,278,2,22.5,36.9,,,,,,,,,,,,,,,,,,,,,2025-12-23 21:00:00+08:00
180021,Cubao,,Outdoor,airgradient:d83bda1c3fb8,False,12/23/2025 22:00,2025-12-23T14:00:00.000Z,59,27.8,27.8,1134,635,635,31.9,32.5,40.4,47,66,913,389,1,19.4,29.7,,,,,,,,,,,,,,,,,,,,,2025-12-23 22:00:00+08:00
180021,Cubao,,Outdoor,airgradient:d83bda1c3fb8,False,12/23/2025 23:00,2025-12-23T15:00:00.000Z,59,23.4,23.4,989,653,653,31.7,32.3,39.9,47,66,614,334,1,15.0,24.8,,,,,,,,,,,,,,,,,,,,,2025-12-23 23:00:00+08:00
180021,Cubao,,Outdoor,airgradient:d83bda1c3fb8,False,12/24/2025 0:00,2025-12-23T16:00:00.000Z,59,19.9,23.9,862,580,580,31.5,32.1,39.4,47,66,141,146,2,10.7,21.6,,,,,,,,,,,,,,,,,,,,,2025-12-24 00:00:00+08:00
180021,Cubao,,Outdoor,airgradient:d83bda1c3fb8,False,12/24/2025 1:00,2025-12-23T17:00:00.000Z,60,10.5,23.7,614,573,573,31.3,31.9,38.7,47,66,636,330,2,5.6,11.9,,,,,,,,,,,,,,,,,,,,,2025-12-24 01:00:00+08:00
180021,Cubao,,Outdoor,airgradient:d83bda1c3fb8,False,12/24/2025 2:00,2025-12-23T18:00:00.000Z,60,14.6,27.0,710,553,553,31.1,31.6,38.3,47,67,125,125,2,7.1,16.9,,,,,,,,,,,,,,,,,,,,,2025-12-24 02:00:00+08:00
180021,Cubao,,Outdoor,airgradient:d83bda1c3fb8,False,12/24/2025 3:00,2025-12-23T19:00:00.000Z,60,22.7,23.5,961,558,558,31.0,31.5,37.9,47,67,83,88,2,13.9,24.3,,,,,,,,,,,,,,,,,,,,,2025-12-24 03:00:00+08:00
180021,Cubao,,Outdoor,airgradient:d83bda1c3fb8,False,12/24/2025 4:00,2025-12-23T20:00:00.000Z,60,29.5,29.5,1242,564,564,30.8,31.3,37.8,48,68,84,89,2,20.9,32.3,,,,,,,,,,,,,,,,,,,,,2025-12-24 04:00:00+08:00
180021,Cubao,,Outdoor,airgradient:d83bda1c3fb8,False,12/24/2025 5:00,2025-12-23T21:00:00.000Z,59,34.0,34.0,1456,568,568,30.8,31.2,37.6,48,68,80,86,2,23.0,39.5,,,,,,,,,,,,,,,,,,,,,2025-12-24 05:00:00+08:00
180021,Cubao,,Outdoor,airgradient:d83bda1c3fb8,False,12/24/2025 6:00,2025-12-23T22:00:00.000Z,60,36.9,36.9,1698,577,577,30.6,31.0,37.2,48,68,97,103,2,25.2,44.3,,,,,,,,,,,,,,,,,,,,,2025-12-24 06:00:00+08:00
180021,Cubao,,Outdoor,airgradient:d83bda1c3fb8,False,12/24/2025 7:00,2025-12-23T23:00:00.000Z,60,38.9,38.9,1877,584,584,30.6,31.0,37.4,49,69,124,130,2,27.0,46.7,,,,,,,,,,,,,,,,,,,,,2025-12-24 07:00:00+08:00
180021,Cubao,,Outdoor,airgradient:d83bda1c3fb8,True,12/24/2025 8:00,2025-12-24T00:00:00.000Z,60,44.4,44.4,2279,678,678,31.0,31.5,38.7,49,69,217,194,2,30.1,54.5,,,,,,,,,,,,,,,,,,,,,2025-12-24 08:00:00+08:00
180021,Cubao,,Outdoor,airgradient:d83bda1c3fb8,True,12/24/2025 9:00,2025-12-24T01:00:00.000Z,60,36.8,36.8,1704,579,579,31.7,32.3,40.0,47,67,110,116,3,25.4,43.8,,,,,,,,,,,,,,,,,,,,,2025-12-24 09:00:00+08:00
180021,Cubao,,Outdoor,airgradient:d83bda1c3fb8,True,12/24/2025 10:00,2025-12-24T02:00:00.000Z,60,31.8,31.8,1377,489,489,32.0,32.7,40.4,46,65,67,70,2,22.2,35.7,,,,,,,,,,,,,,,,,,,,,2025-12-24 10:00:00+08:00
180021,Cubao,,Outdoor,airgradient:d83bda1c3fb8,True,12/24/2025 11:00,2025-12-24T03:00:00.000Z,59,38.4,38.4,1791,436,436,32.2,32.9,40.5,44,63,51,53,2,26.2,45.3,,,,,,,,,,,,,,,,,,,,,2025-12-24 11:00:00+08:00
180021,Cubao,,Outdoor,airgradient:d83bda1c3fb8,True,12/24/2025 12:00,2025-12-24T04:00:00.000Z,60,38.5,38.5,1766,431,431,32.2,32.9,40.8,45,64,61,62,1,26.2,46.1,,,,,,,,,,,,,,,,,,,,,2025-12-24 12:00:00+08:00
180021,Cubao,,Outdoor,airgradient:d83bda1c3fb8,True,12/24/2025 13:00,2025-12-24T05:00:00.000Z,60,37.2,37.2,1695,428,428,32.4,33.2,41.9,46,65,50,52,1,25.2,44.6,,,,,,,,,,,,,,,,,,,,,2025-12-24 13:00:00+08:00
180021,Cubao,,Outdoor,airgradient:d83bda1c3fb8,True,12/24/2025 14:00,2025-12-24T06:00:00.000Z,60,40.4,40.4,1905,449,449,32.3,33.0,42.2,48,67,68,72,1,27.3,48.6,,,,,,,,,,,,,,,,,,,,,2025-12-24 14:00:00+08:00
180021,Cubao,,Outdoor,airgradient:d83bda1c3fb8,True,12/24/2025 15:00,2025-12-24T07:00:00.000Z,60,40.5,40.5,1900,428,428,32.4,33.2,42.7,47,67,64,67,1,27.4,48.7,,,,,,,,,,,,,,,,,,,,,2025-12-24 15:00:00+08:00
180021,Cubao,,Outdoor,airgradient:d83bda1c3fb8,True,12/24/2025 16:00,2025-12-24T08:00:00.000Z,60,39.2,39.2,1911,511,511,32.5,33.2,43.3,48,68,164,164,1,27.0,46.9,,,,,,,,,,,,,,,,,,,,,2025-12-24 16:00:00+08:00
180021,Cubao,,Outdoor,airgradient:d83bda1c3fb8,True,12/24/2025 17:00,2025-12-24T09:00:00.000Z,60,42.7,42.7,2134,534,534,32.0,32.7,42.3,49,69,133,139,1,29.2,51.6,,,,,,,,,,,,,,,,,,,,,2025-12-24 17:00:00+08:00
180021,Cubao,,Outdoor,airgradient:d83bda1c3fb8,True,12/24/2025 18:00,2025-12-24T10:00:00.000Z,60,44.2,44.2,2127,652,652,31.7,32.4,41.5,50,70,141,146,1,29.1,54.3,,,,,,,,,,,,,,,,,,,,,2025-12-24 18:00:00+08:00
180021,Cubao,,Outdoor,airgradient:d83bda1c3fb8,True,12/24/2025 19:00,2025-12-24T11:00:00.000Z,60,67.5,67.5,3640,614,614,31.6,32.2,40.8,49,69,193,191,1,44.1,75.8,,,,,,,,,,,,,,,,,,,,,2025-12-24 19:00:00+08:00
180021,Cubao,,Outdoor,airgradient:d83bda1c3fb8,False,12/24/2025 20:00,2025-12-24T12:00:00.000Z,60,54.8,54.8,2850,659,659,31.6,32.2,40.7,49,70,448,221,1,36.0,65.2,,,,,,,,,,,,,,,,,,,,,2025-12-24 20:00:00+08:00
180021,Cubao,,Outdoor,airgradient:d83bda1c3fb8,False,12/24/2025 21:00,2025-12-24T13:00:00.000Z,59,42.1,42.1,1984,718,718,31.5,32.1,40.3,49,69,1493,478,1,27.1,49.4,,,,,,,,,,,,,,,,,,,,,2025-12-24 21:00:00+08:00
180021,Cubao,,Outdoor,airgradient:d83bda1c3fb8,False,12/24/2025 22:00,2025-12-24T14:00:00.000Z,59,305.2,305.2,13010,668,668,31.5,32.1,40.0,49,69,695,415,1,167.5,326.9,,,,,,,,,,,,,,,,,,,,,2025-12-24 22:00:00+08:00
180021,Cubao,,Outdoor,airgradient:d83bda1c3fb8,False,12/24/2025 23:00,2025-12-24T15:00:00.000Z,60,105.4,105.4,4997,675,675,31.4,32.0,40.4,50,70,311,265,1,65.2,116.5,,,,,,,,,,,,,,,,,,,,,2025-12-24 23:00:00+08:00
180021,Cubao,,Outdoor,airgradient:d83bda1c3fb8,False,12/25/2025 0:00,2025-12-24T16:00:00.000Z,60,42.1,42.1,1950,769,769,31.3,31.8,40.3,51,71,204,200,1,27.3,51.9,,,,,,,,,,,,,,,,,,,,,2025-12-25 00:00:00+08:00
180021,Cubao,,Outdoor,airgradient:d83bda1c3fb8,False,12/25/2025 1:00,2025-12-24T17:00:00.000Z,58,68.3,68.3,3678,791,791,31.2,31.7,40.1,51,71,1655,419,1,44.9,75.8,,,,,,,,,,,,,,,,,,,,,2025-12-25 01:00:00+08:00
180021,Cubao,,Outdoor,airgradient:d83bda1c3fb8,False,12/25/2025 2:00,2025-12-24T18:00:00.000Z,60,60.6,60.6,3242,783,783,31.1,31.6,40.2,52,73,1403,473,1,39.9,71.2,,,,,,,,,,,,,,,,,,,,,2025-12-25 02:00:00+08:00
180021,Cubao,,Outdoor,airgradient:d83bda1c3fb8,False,12/25/2025 3:00,2025-12-24T19:00:00.000Z,59,49.2,49.2,2524,651,651,31.0,31.5,39.3,51,71,684,365,1,32.2,61.3,,,,,,,,,,,,,,,,,,,,,2025-12-25 03:00:00+08:00
180021,Cubao,,Outdoor,airgradient:d83bda1c3fb8,False,12/25/2025 4:00,2025-12-24T20:00:00.000Z,60,43.9,43.9,2079,570,570,30.9,31.4,38.9,51,71,148,152,1,28.7,53.6,,,,,,,,,,,,,,,,,,,,,2025-12-25 04:00:00+08:00
180021,Cubao,,Outdoor,airgradient:d83bda1c3fb8,False,12/25/2025 5:00,2025-12-24T21:00:00.000Z,60,43.5,43.5,2062,574,574,30.7,31.2,38.4,51,71,115,122,1,28.6,53.1,,,,,,,,,,,,,,,,,,,,,2025-12-25 05:00:00+08:00
180021,Cubao,,Outdoor,airgradient:d83bda1c3fb8,False,12/25/2025 6:00,2025-12-24T22:00:00.000Z,60,41.7,41.7,1935,577,577,30.6,31.0,38.1,51,71,100,106,1,27.6,50.5,,,,,,,,,,,,,,,,,,,,,2025-12-25 06:00:00+08:00
180021,Cubao,,Outdoor,airgradient:d83bda1c3fb8,False,12/25/2025 7:00,2025-12-24T23:00:00.000Z,60,37.8,37.8,1649,580,580,30.7,31.1,38.2,51,71,87,93,1,25.1,45.5,,,,,,,,,,,,,,,,,,,,,2025-12-25 07:00:00+08:00
180021,Cubao,,Outdoor,airgradient:d83bda1c3fb8,True,12/25/2025 8:00,2025-12-25T00:00:00.000Z,60,36.6,36.6,1613,613,613,31.0,31.5,39.1,50,70,99,105,1,24.4,44.0,,,,,,,,,,,,,,,,,,,,,2025-12-25 08:00:00+08:00
180021,Cubao,,Outdoor,airgradient:d83bda1c3fb8,True,12/25/2025 9:00,2025-12-25T01:00:00.000Z,60,24.2,27.3,973,513,513,31.5,32.1,39.5,47,67,49,49,1,15.0,25.9,,,,,,,,,,,,,,,,,,,,,2025-12-25 09:00:00+08:00
180021,Cubao,,Outdoor,airgradient:d83bda1c3fb8,True,12/25/2025 10:00,2025-12-25T02:00:00.000Z,60,12.1,24.2,627,419,419,32.5,33.3,40.8,43,62,23,18,1,5.9,13.5,,,,,,,,,,,,,,,,,,,,,2025-12-25 10:00:00+08:00
180021,Cubao,,Outdoor,airgradient:d83bda1c3fb8,True,12/25/2025 11:00,2025-12-25T03:00:00.000Z,60,16.0,25.3,770,491,491,33.4,34.3,43.2,42,60,52,53,1,9.1,17.4,,,,,,,,,,,,,,,,,,,,,2025-12-25 11:00:00+08:00
180021,Cubao,,Outdoor,airgradient:d83bda1c3fb8,True,12/25/2025 12:00,2025-12-25T04:00:00.000Z,60,43.2,43.2,2160,560,560,33.2,34.1,43.2,43,62,107,113,1,28.8,52.6,,,,,,,,,,,,,,,,,,,,,2025-12-25 12:00:00+08:00
180021,Cubao,,Outdoor,airgradient:d83bda1c3fb8,True,12/25/2025 13:00,2025-12-25T05:00:00.000Z,60,43.7,43.7,2109,583,583,32.9,33.7,42.7,45,63,116,122,1,29.2,53.3,,,,,,,,,,,,,,,,,,,,,2025-12-25 13:00:00+08:00
180021,Cubao,,Outdoor,airgradient:d83bda1c3fb8,True,12/25/2025 14:00,2025-12-25T06:00:00.000Z,60,33.9,35.0,1551,481,481,33.5,34.4,44.2,43,62,75,80,1,22.8,39.6,,,,,,,,,,,,,,,,,,,,,2025-12-25 14:00:00+08:00
180021,Cubao,,Outdoor,airgradient:d83bda1c3fb8,True,12/25/2025 15:00,2025-12-25T07:00:00.000Z,60,12.0,24.6,649,580,580,32.9,33.8,43.7,46,65,92,98,1,6.2,13.5,,,,,,,,,,,,,,,,,,,,,2025-12-25 15:00:00+08:00
180021,Cubao,,Outdoor,airgradient:d83bda1c3fb8,True,12/25/2025 16:00,2025-12-25T08:00:00.000Z,60,15.5,25.0,754,623,623,32.7,33.5,44.5,48,68,90,96,1,8.3,16.9,,,,,,,,,,,,,,,,,,,,,2025-12-25 16:00:00+08:00
180021,Cubao,,Outdoor,airgradient:d83bda1c3fb8,True,12/25/2025 17:00,2025-12-25T09:00:00.000Z,60,24.6,24.6,1044,643,643,32.6,33.4,44.4,49,69,158,158,1,15.9,25.8,,,,,,,,,,,,,,,,,,,,,2025-12-25 17:00:00+08:00
180021,Cubao,,Outdoor,airgradient:d83bda1c3fb8,True,12/25/2025 18:00,2025-12-25T10:00:00.000Z,60,35.9,35.9,1660,654,654,32.4,33.2,44.0,50,70,150,155,1,24.8,41.7,,,,,,,,,,,,,,,,,,,,,2025-12-25 18:00:00+08:00
180021,Cubao,,Outdoor,airgradient:d83bda1c3fb8,True,12/25/2025 19:00,2025-12-25T11:00:00.000Z,59,40.6,40.6,2000,643,643,32.1,32.8,43.4,51,71,197,194,1,27.8,48.3,,,,,,,,,,,,,,,,,,,,,2025-12-25 19:00:00+08:00
180021,Cubao,,Outdoor,airgradient:d83bda1c3fb8,False,12/25/2025 20:00,2025-12-25T12:00:00.000Z,60,37.6,37.6,1765,614,614,31.9,32.5,42.4,51,71,116,122,1,25.5,44.8,,,,,,,,,,,,,,,,,,,,,2025-12-25 20:00:00+08:00
180021,Cubao,,Outdoor,airgradient:d83bda1c3fb8,False,12/25/2025 21:00,2025-12-25T13:00:00.000Z,59,45.5,45.5,2326,632,632,31.8,32.5,42.0,50,70,1644,441,1,30.4,55.8,,,,,,,,,,,,,,,,,,,,,2025-12-25 21:00:00+08:00
180021,Cubao,,Outdoor,airgradient:d83bda1c3fb8,False,12/25/2025 22:00,2025-12-25T14:00:00.000Z,59,39.1,39.1,1825,626,626,31.8,32.4,41.7,50,70,1308,460,1,26.6,46.9,,,,,,,,,,,,,,,,,,,,,2025-12-25 22:00:00+08:00
180021,Cubao,,Outdoor,airgradient:d83bda1c3fb8,False,12/25/2025 23:00,2025-12-25T15:00:00.000Z,59,40.9,40.9,1964,587,587,31.6,32.2,40.9,50,70,1821,496,1,27.6,49.2,,,,,,,,,,,,,,,,,,,,,2025-12-25 23:00:00+08:00
180021,Cubao,,Outdoor,airgradient:d83bda1c3fb8,False,12/26/2025 0:00,2025-12-25T16:00:00.000Z,59,29.2,29.2,1230,554,554,31.4,32.0,40.5,50,70,1161,459,1,19.8,32.0,,,,,,,,,,,,,,,,,,,,,2025-12-26 00:00:00+08:00
180021,Cubao,,Outdoor,airgradient:d83bda1c3fb8,False,12/26/2025 1:00,2025-12-25T17:00:00.000Z,60,32.8,32.8,1444,560,560,31.2,31.7,39.5,50,70,412,317,1,22.9,37.5,,,,,,,,,,,,,,,,,,,,,2025-12-26 01:00:00+08:00
180021,Cubao,,Outdoor,airgradient:d83bda1c3fb8,False,12/26/2025 2:00,2025-12-25T18:00:00.000Z,60,27.9,27.9,1138,557,557,31.1,31.6,39.2,49,70,248,206,1,19.4,29.9,,,,,,,,,,,,,,,,,,,,,2025-12-26 02:00:00+08:00
180021,Cubao,,Outdoor,airgradient:d83bda1c3fb8,False,12/26/2025 3:00,2025-12-25T19:00:00.000Z,60,17.6,26.1,753,541,541,30.9,31.4,38.4,49,69,68,72,1,8.8,19.7,,,,,,,,,,,,,,,,,,,,,2025-12-26 03:00:00+08:00
180021,Cubao,,Outdoor,airgradient:d83bda1c3fb8,False,12/26/2025 4:00,2025-12-25T20:00:00.000Z,60,15.1,24.3,682,531,531,30.8,31.3,38.1,49,69,49,50,1,6.9,17.0,,,,,,,,,,,,,,,,,,,,,2025-12-26 04:00:00+08:00
180021,Cubao,,Outdoor,airgradient:d83bda1c3fb8,False,12/26/2025 5:00,2025-12-25T21:00:00.000Z,60,21.3,21.8,896,546,546,30.7,31.2,37.8,49,69,51,53,2,11.9,22.5,,,,,,,,,,,,,,,,,,,,,2025-12-26 05:00:00+08:00
180021,Cubao,,Outdoor,airgradient:d83bda1c3fb8,False,12/26/2025 6:00,2025-12-25T22:00:00.000Z,59,22.0,22.5,926,563,563,30.6,31.0,37.5,50,70,57,59,1,13.0,23.7,,,,,,,,,,,,,,,,,,,,,2025-12-26 06:00:00+08:00
180021,Cubao,,Outdoor,airgradient:d83bda1c3fb8,False,12/26/2025 7:00,2025-12-25T23:00:00.000Z,60,23.5,23.5,976,595,595,30.6,31.0,37.6,50,70,66,69,2,15.0,24.7,,,,,,,,,,,,,,,,,,,,,2025-12-26 07:00:00+08:00
180021,Cubao,,Outdoor,airgradient:d83bda1c3fb8,True,12/26/2025 8:00,2025-12-26T00:00:00.000Z,60,26.5,26.5,1119,634,634,31.0,31.5,39.0,50,70,73,77,2,19.0,28.1,,,,,,,,,,,,,,,,,,,,,2025-12-26 08:00:00+08:00
180021,Cubao,,Outdoor,airgradient:d83bda1c3fb8,True,12/26/2025 9:00,2025-12-26T01:00:00.000Z,60,24.7,28.0,1030,496,496,31.4,32.0,39.0,47,66,41,40,2,15.3,26.6,,,,,,,,,,,,,,,,,,,,,2025-12-26 09:00:00+08:00
180021,Cubao,,Outdoor,airgradient:d83bda1c3fb8,True,12/26/2025 10:00,2025-12-26T02:00:00.000Z,60,61.8,62.3,3351,552,552,31.9,32.6,40.5,46,66,81,85,1,41.8,67.2,,,,,,,,,,,,,,,,,,,,,2025-12-26 10:00:00+08:00
180021,Cubao,,Outdoor,airgradient:d83bda1c3fb8,True,12/26/2025 11:00,2025-12-26T03:00:00.000Z,60,23.9,26.8,1007,446,446,32.7,33.5,41.8,43,62,51,52,1,15.8,25.2,,,,,,,,,,,,,,,,,,,,,2025-12-26 11:00:00+08:00
180021,Cubao,,Outdoor,airgradient:d83bda1c3fb8,True,12/26/2025 12:00,2025-12-26T04:00:00.000Z,60,27.7,29.5,1226,426,426,32.9,33.8,42.1,43,61,40,39,1,18.5,31.0,,,,,,,,,,,,,,,,,,,,,2025-12-26 12:00:00+08:00
180021,Cubao,,Outdoor,airgradient:d83bda1c3fb8,True,12/26/2025 13:00,2025-12-26T05:00:00.000Z,60,40.2,40.2,1822,442,442,32.9,33.7,42.4,44,62,280,136,2,26.8,48.3,,,,,,,,,,,,,,,,,,,,,2025-12-26 13:00:00+08:00
180021,Cubao,,Outdoor,airgradient:d83bda1c3fb8,True,12/26/2025 14:00,2025-12-26T06:00:00.000Z,60,21.0,25.6,954,466,466,32.8,33.7,42.0,43,62,372,228,1,13.3,23.6,,,,,,,,,,,,,,,,,,,,,2025-12-26 14:00:00+08:00
180021,Cubao,,Outdoor,airgradient:d83bda1c3fb8,True,12/26/2025 15:00,2025-12-26T07:00:00.000Z,60,12.5,22.1,627,457,457,32.8,33.6,41.6,43,61,90,93,1,6.4,13.6,,,,,,,,,,,,,,,,,,,,,2025-12-26 15:00:00+08:00
180021,Cubao,,Outdoor,airgradient:d83bda1c3fb8,True,12/26/2025 16:00,2025-12-26T08:00:00.000Z,60,6.4,17.6,456,431,431,32.5,33.3,40.4,42,60,39,37,1,3.3,6.9,,,,,,,,,,,,,,,,,,,,,2025-12-26 16:00:00+08:00
180021,Cubao,,Outdoor,airgradient:d83bda1c3fb8,True,12/26/2025 17:00,2025-12-26T09:00:00.000Z,60,5.6,17.1,443,521,521,32.1,32.8,39.8,44,62,142,142,1,2.8,6.1,,,,,,,,,,,,,,,,,,,,,2025-12-26 17:00:00+08:00
180021,Cubao,,Outdoor,airgradient:d83bda1c3fb8,True,12/26/2025 18:00,2025-12-26T10:00:00.000Z,60,11.7,23.0,595,648,648,31.9,32.6,40.2,46,65,93,98,1,5.5,13.0,,,,,,,,,,,,,,,,,,,,,2025-12-26 18:00:00+08:00
180021,Cubao,,Outdoor,airgradient:d83bda1c3fb8,True,12/26/2025 19:00,2025-12-26T11:00:00.000Z,60,32.8,34.7,1374,588,588,31.7,32.3,39.5,46,65,85,90,1,19.7,38.7,,,,,,,,,,,,,,,,,,,,,2025-12-26 19:00:00+08:00
180021,Cubao,,Outdoor,airgradient:d83bda1c3fb8,False,12/26/2025 20:00,2025-12-26T12:00:00.000Z,60,45.0,45.0,2203,603,603,31.6,32.2,39.2,46,65,148,152,1,29.7,55.5,,,,,,,,,,,,,,,,,,,,,2025-12-26 20:00:00+08:00
180021,Cubao,,Outdoor,airgradient:d83bda1c3fb8,False,12/26/2025 21:00,2025-12-26T13:00:00.000Z,60,45.6,45.6,2309,601,601,31.5,32.1,39.3,46,66,441,272,1,30.3,56.3,,,,,,,,,,,,,,,,,,,,,2025-12-26 21:00:00+08:00
180021,Cubao,,Outdoor,airgradient:d83bda1c3fb8,False,12/26/2025 22:00,2025-12-26T14:00:00.000Z,60,43.9,43.9,2259,600,600,31.5,32.1,39.2,46,66,655,324,1,29.9,53.6,,,,,,,,,,,,,,,,,,,,,2025-12-26 22:00:00+08:00
180021,Cubao,,Outdoor,airgradient:d83bda1c3fb8,False,12/26/2025 23:00,2025-12-26T15:00:00.000Z,60,35.6,35.6,1651,593,593,31.3,31.9,38.6,47,66,368,243,1,24.8,41.7,,,,,,,,,,,,,,,,,,,,,2025-12-26 23:00:00+08:00
180021,Cubao,,Outdoor,airgradient:d83bda1c3fb8,False,12/27/2025 0:00,2025-12-26T16:00:00.000Z,60,42.5,42.5,2222,609,609,31.2,31.7,38.4,47,67,398,275,1,29.7,51.5,,,,,,,,,,,,,,,,,,,,,2025-12-27 00:00:00+08:00
180021,Cubao,,Outdoor,airgradient:d83bda1c3fb8,False,12/27/2025 1:00,2025-12-26T17:00:00.000Z,60,45.4,45.4,2508,617,617,31.0,31.5,37.9,47,67,240,220,1,31.6,55.4,,,,,,,,,,,,,,,,,,,,,2025-12-27 01:00:00+08:00
180021,Cubao,,Outdoor,airgradient:d83bda1c3fb8,False,12/27/2025 2:00,2025-12-26T18:00:00.000Z,60,45.1,45.1,2403,589,589,30.9,31.4,37.6,47,67,133,139,1,31.0,54.9,,,,,,,,,,,,,,,,,,,,,2025-12-27 02:00:00+08:00
180021,Cubao,,Outdoor,airgradient:d83bda1c3fb8,False,12/27/2025 3:00,2025-12-26T19:00:00.000Z,60,41.7,41.7,2106,577,577,30.8,31.3,37.5,47,67,418,271,1,28.7,50.3,,,,,,,,,,,,,,,,,,,,,2025-12-27 03:00:00+08:00
180021,Cubao,,Outdoor,airgradient:d83bda1c3fb8,False,12/27/2025 4:00,2025-12-26T20:00:00.000Z,59,38.5,38.5,1826,579,579,30.7,31.1,37.0,47,67,85,90,1,26.4,45.9,,,,,,,,,,,,,,,,,,,,,2025-12-27 04:00:00+08:00
180021,Cubao,,Outdoor,airgradient:d83bda1c3fb8,False,12/27/2025 5:00,2025-12-26T21:00:00.000Z,60,35.1,35.1,1618,565,565,30.5,30.9,36.5,48,67,63,66,1,24.4,41.1,,,,,,,,,,,,,,,,,,,,,2025-12-27 05:00:00+08:00
180021,Cubao,,Outdoor,airgradient:d83bda1c3fb8,False,12/27/2025 6:00,2025-12-26T22:00:00.000Z,60,32.4,32.4,1406,560,560,30.4,30.8,36.2,48,67,53,54,1,22.4,36.4,,,,,,,,,,,,,,,,,,,,,2025-12-27 06:00:00+08:00
180021,Cubao,,Outdoor,airgradient:d83bda1c3fb8,False,12/27/2025 7:00,2025-12-26T23:00:00.000Z,60,32.8,32.8,1439,538,538,30.3,30.7,36.2,48,68,61,64,2,22.6,37.4,,,,,,,,,,,,,,,,,,,,,2025-12-27 07:00:00+08:00
180021,Cubao,,Outdoor,airgradient:d83bda1c3fb8,True,12/27/2025 8:00,2025-12-27T00:00:00.000Z,60,33.1,33.1,1471,508,508,30.6,31.0,36.7,47,67,51,51,2,23.0,37.8,,,,,,,,,,,,,,,,,,,,,2025-12-27 08:00:00+08:00
180021,Cubao,,Outdoor,airgradient:d83bda1c3fb8,True,12/27/2025 9:00,2025-12-27T01:00:00.000Z,60,21.7,25.1,913,450,450,31.1,31.7,37.4,45,64,29,25,2,13.2,23.1,,,,,,,,,,,,,,,,,,,,,2025-12-27 09:00:00+08:00
180021,Cubao,,Outdoor,airgradient:d83bda1c3fb8,True,12/27/2025 10:00,2025-12-27T02:00:00.000Z,57,11.2,23.5,627,451,451,32.1,32.8,39.3,42,61,192,145,1,6.1,12.3,,,,,,,,,,,,,,,,,,,,,2025-12-27 10:00:00+08:00
180021,Cubao,,Outdoor,airgradient:d83bda1c3fb8,True,12/27/2025 11:00,2025-12-27T03:00:00.000Z,60,21.1,24.7,922,441,441,32.7,33.5,40.4,41,59,47,47,1,12.4,22.8,,,,,,,,,,,,,,,,,,,,,2025-12-27 11:00:00+08:00
180021,Cubao,,Outdoor,airgradient:d83bda1c3fb8,True,12/27/2025 12:00,2025-12-27T04:00:00.000Z,60,28.5,29.1,1255,420,420,33.4,34.3,42.0,40,58,36,34,1,19.8,31.1,,,,,,,,,,,,,,,,,,,,,2025-12-27 12:00:00+08:00
180021,Cubao,,Outdoor,airgradient:d83bda1c3fb8,True,12/27/2025 13:00,2025-12-27T05:00:00.000Z,60,41.3,41.3,2019,426,426,33.7,34.7,42.7,39,57,53,55,1,28.3,49.6,,,,,,,,,,,,,,,,,,,,,2025-12-27 13:00:00+08:00
180021,Cubao,,Outdoor,airgradient:d83bda1c3fb8,True,12/27/2025 14:00,2025-12-27T06:00:00.000Z,60,29.2,29.2,1254,420,420,34.2,35.2,44.1,39,57,57,59,1,20.6,31.7,,,,,,,,,,,,,,,,,,,,,2025-12-27 14:00:00+08:00
180021,Cubao,,Outdoor,airgradient:d83bda1c3fb8,True,12/27/2025 15:00,2025-12-27T07:00:00.000Z,60,25.0,25.0,1050,426,426,34.1,35.1,44.1,40,57,64,67,1,17.2,26.2,,,,,,,,,,,,,,,,,,,,,2025-12-27 15:00:00+08:00
180021,Cubao,,Outdoor,airgradient:d83bda1c3fb8,True,12/27/2025 16:00,2025-12-27T08:00:00.000Z,60,23.9,23.9,985,446,446,33.7,34.7,43.3,40,58,90,95,1,15.7,24.9,,,,,,,,,,,,,,,,,,,,,2025-12-27 16:00:00+08:00
180021,Cubao,,Outdoor,airgradient:d83bda1c3fb8,True,12/27/2025 17:00,2025-12-27T09:00:00.000Z,60,22.7,22.7,925,537,537,33.4,34.4,42.9,41,59,129,135,1,13.3,23.7,,,,,,,,,,,,,,,,,,,,,2025-12-27 17:00:00+08:00
180021,Cubao,,Outdoor,airgradient:d83bda1c3fb8,True,12/27/2025 18:00,2025-12-27T10:00:00.000Z,59,19.9,24.7,854,478,478,33.0,33.8,41.9,42,61,87,91,1,11.4,21.2,,,,,,,,,,,,,,,,,,,,,2025-12-27 18:00:00+08:00
180021,Cubao,,Outdoor,airgradient:d83bda1c3fb8,True,12/27/2025 19:00,2025-12-27T11:00:00.000Z,60,35.4,35.6,1584,468,468,32.3,33.0,40.3,43,62,108,113,1,23.7,41.9,,,,,,,,,,,,,,,,,,,,,2025-12-27 19:00:00+08:00
180021,Cubao,,Outdoor,airgradient:d83bda1c3fb8,False,12/27/2025 20:00,2025-12-27T12:00:00.000Z,59,42.4,42.4,2055,527,527,32.2,32.9,40.5,44,63,232,215,1,28.5,51.5,,,,,,,,,,,,,,,,,,,,,2025-12-27 20:00:00+08:00
180021,Cubao,,Outdoor,airgradient:d83bda1c3fb8,False,12/27/2025 21:00,2025-12-27T13:00:00.000Z,60,44.6,44.6,2263,604,604,31.9,32.5,40.3,46,66,182,182,1,29.9,54.5,,,,,,,,,,,,,,,,,,,,,2025-12-27 21:00:00+08:00
180021,Cubao,,Outdoor,airgradient:d83bda1c3fb8,False,12/27/2025 22:00,2025-12-27T14:00:00.000Z,60,41.6,41.6,2024,552,552,31.8,32.4,39.6,46,65,203,199,1,28.1,50.2,,,,,,,,,,,,,,,,,,,,,2025-12-27 22:00:00+08:00
180021,Cubao,,Outdoor,airgradient:d83bda1c3fb8,False,12/27/2025 23:00,2025-12-27T15:00:00.000Z,60,30.6,32.5,1362,463,463,31.1,31.6,37.5,45,64,68,70,1,19.6,35.5,,,,,,,,,,,,,,,,,,,,,2025-12-27 23:00:00+08:00
180021,Cubao,,Outdoor,airgradient:d83bda1c3fb8,False,12/28/2025 0:00,2025-12-27T16:00:00.000Z,59,6.0,16.9,437,472,472,31.0,31.4,37.3,46,65,33,31,1,2.9,6.9,,,,,,,,,,,,,,,,,,,,,2025-12-28 00:00:00+08:00
180021,Cubao,,Outdoor,airgradient:d83bda1c3fb8,False,12/28/2025 1:00,2025-12-27T17:00:00.000Z,60,4.6,15.6,404,465,465,31.2,31.8,37.6,45,64,40,39,1,2.1,5.1,,,,,,,,,,,,,,,,,,,,,2025-12-28 01:00:00+08:00
180021,Cubao,,Outdoor,airgradient:d83bda1c3fb8,False,12/28/2025 2:00,2025-12-27T18:00:00.000Z,60,4.6,15.9,412,478,478,31.2,31.7,37.5,45,64,46,46,1,2.5,4.8,,,,,,,,,,,,,,,,,,,,,2025-12-28 02:00:00+08:00
180021,Cubao,,Outdoor,airgradient:d83bda1c3fb8,False,12/28/2025 3:00,2025-12-27T19:00:00.000Z,60,8.2,21.3,553,483,483,31.0,31.5,37.4,46,65,52,53,1,4.7,9.2,,,,,,,,,,,,,,,,,,,,,2025-12-28 03:00:00+08:00
180021,Cubao,,Outdoor,airgradient:d83bda1c3fb8,False,12/28/2025 4:00,2025-12-27T20:00:00.000Z,60,11.0,23.0,595,491,491,30.8,31.2,36.9,47,66,52,53,1,5.5,13.2,,,,,,,,,,,,,,,,,,,,,2025-12-28 04:00:00+08:00
180021,Cubao,,Outdoor,airgradient:d83bda1c3fb8,False,12/28/2025 5:00,2025-12-27T21:00:00.000Z,60,15.8,26.1,723,514,514,30.6,31.1,36.6,47,66,64,68,1,7.3,18.0,,,,,,,,,,,,,,,,,,,,,2025-12-28 05:00:00+08:00
180021,Cubao,,Outdoor,airgradient:d83bda1c3fb8,False,12/28/2025 6:00,2025-12-27T22:00:00.000Z,60,18.6,23.3,820,527,527,30.5,30.9,36.6,47,67,82,87,1,9.4,20.6,,,,,,,,,,,,,,,,,,,,,2025-12-28 06:00:00+08:00
180021,Cubao,,Outdoor,airgradient:d83bda1c3fb8,False,12/28/2025 7:00,2025-12-27T23:00:00.000Z,60,24.2,24.9,1013,524,524,30.5,30.9,36.6,48,67,87,92,1,16.2,25.6,,,,,,,,,,,,,,,,,,,,,2025-12-28 07:00:00+08:00
180021,Cubao,,Outdoor,airgradient:d83bda1c3fb8,True,12/28/2025 8:00,2025-12-28T00:00:00.000Z,60,10.1,21.5,568,443,443,30.2,30.6,35.6,47,67,27,23,1,4.9,11.1,,,,,,,,,,,,,,,,,,,,,2025-12-28 08:00:00+08:00
180021,Cubao,,Outdoor,airgradient:d83bda1c3fb8,True,12/28/2025 9:00,2025-12-28T01:00:00.000Z,60,15.3,25.0,689,420,420,31.1,31.6,37.4,45,64,25,21,1,7.2,16.6,,,,,,,,,,,,,,,,,,,,,2025-12-28 09:00:00+08:00
180021,Cubao,,Outdoor,airgradient:d83bda1c3fb8,True,12/28/2025 10:00,2025-12-28T02:00:00.000Z,60,12.6,23.6,622,418,418,32.3,33.0,40.1,43,62,38,36,1,6.0,13.9,,,,,,,,,,,,,,,,,,,,,2025-12-28 10:00:00+08:00
180021,Cubao,,Outdoor,airgradient:d83bda1c3fb8,True,12/28/2025 11:00,2025-12-28T03:00:00.000Z,60,10.3,22.8,596,417,417,33.0,33.9,41.3,41,59,43,42,1,5.5,11.5,,,,,,,,,,,,,,,,,,,,,2025-12-28 11:00:00+08:00
180021,Cubao,,Outdoor,airgradient:d83bda1c3fb8,True,12/28/2025 12:00,2025-12-28T04:00:00.000Z,60,17.8,24.5,800,424,424,33.4,34.4,42.5,40,58,58,60,1,9.8,19.2,,,,,,,,,,,,,,,,,,,,,2025-12-28 12:00:00+08:00
180021,Cubao,,Outdoor,airgradient:d83bda1c3fb8,True,12/28/2025 13:00,2025-12-28T05:00:00.000Z,60,25.3,25.3,1029,421,421,33.9,34.9,43.8,40,58,74,78,1,17.4,26.3,,,,,,,,,,,,,,,,,,,,,2025-12-28 13:00:00+08:00
180021,Cubao,,Outdoor,airgradient:d83bda1c3fb8,True,12/28/2025 14:00,2025-12-28T06:00:00.000Z,60,27.4,27.4,1128,422,422,33.8,34.9,44.4,41,59,88,93,1,19.2,28.8,,,,,,,,,,,,,,,,,,,,,2025-12-28 14:00:00+08:00
180021,Cubao,,Outdoor,airgradient:d83bda1c3fb8,True,12/28/2025 15:00,2025-12-28T07:00:00.000Z,60,23.8,23.8,967,413,413,34.3,35.4,45.3,40,58,74,79,1,15.2,24.8,,,,,,,,,,,,,,,,,,,,,2025-12-28 15:00:00+08:00
180021,Cubao,,Outdoor,airgradient:d83bda1c3fb8,True,12/28/2025 16:00,2025-12-28T08:00:00.000Z,60,23.0,23.0,946,416,416,34.0,35.1,44.3,40,58,77,82,1,13.9,24.1,,,,,,,,,,,,,,,,,,,,,2025-12-28 16:00:00+08:00
180021,Cubao,,Outdoor,airgradient:d83bda1c3fb8,True,12/28/2025 17:00,2025-12-28T09:00:00.000Z,60,24.4,24.4,1010,441,441,33.6,34.6,43.5,41,59,108,114,1,16.5,25.5,,,,,,,,,,,,,,,,,,,,,2025-12-28 17:00:00+08:00
180021,Cubao,,Outdoor,airgradient:d83bda1c3fb8,True,12/28/2025 18:00,2025-12-28T10:00:00.000Z,59,24.3,24.3,986,535,535,33.4,34.3,43.2,42,61,193,190,1,15.7,25.2,,,,,,,,,,,,,,,,,,,,,2025-12-28 18:00:00+08:00
180021,Cubao,,Outdoor,airgradient:d83bda1c3fb8,True,12/28/2025 19:00,2025-12-28T11:00:00.000Z,59,27.3,27.3,1146,636,636,33.1,34.0,43.1,43,62,261,242,1,19.4,28.9,,,,,,,,,,,,,,,,,,,,,2025-12-28 19:00:00+08:00
180021,Cubao,,Outdoor,airgradient:d83bda1c3fb8,False,12/28/2025 20:00,2025-12-28T12:00:00.000Z,60,29.6,29.6,1252,673,673,33.0,33.9,42.8,44,62,256,239,1,21.1,31.5,,,,,,,,,,,,,,,,,,,,,2025-12-28 20:00:00+08:00
180021,Cubao,,Outdoor,airgradient:d83bda1c3fb8,False,12/28/2025 21:00,2025-12-28T13:00:00.000Z,60,28.6,28.6,1229,727,727,32.8,33.6,43.0,46,65,247,232,1,19.9,30.9,,,,,,,,,,,,,,,,,,,,,2025-12-28 21:00:00+08:00
180021,Cubao,,Outdoor,airgradient:d83bda1c3fb8,False,12/28/2025 22:00,2025-12-28T14:00:00.000Z,60,33.0,33.0,1455,673,673,32.6,33.4,42.9,46,66,286,257,1,22.9,37.3,,,,,,,,,,,,,,,,,,,,,2025-12-28 22:00:00+08:00
180021,Cubao,,Outdoor,airgradient:d83bda1c3fb8,False,12/28/2025 23:00,2025-12-28T15:00:00.000Z,60,40.7,40.7,1997,666,666,32.4,33.1,42.4,47,66,214,208,1,27.6,49.1,,,,,,,,,,,,,,,,,,,,,2025-12-28 23:00:00+08:00
180021,Cubao,,Outdoor,airgradient:d83bda1c3fb8,False,12/29/2025 0:00,2025-12-28T16:00:00.000Z,60,45.0,45.0,2306,577,577,32.0,32.7,41.4,47,67,174,175,2,30.4,55.2,,,,,,,,,,,,,,,,,,,,,2025-12-29 00:00:00+08:00
180021,Cubao,,Outdoor,airgradient:d83bda1c3fb8,False,12/29/2025 1:00,2025-12-28T17:00:00.000Z,60,38.1,38.1,1734,520,520,31.9,32.6,40.7,47,66,128,134,1,25.8,45.6,,,,,,,,,,,,,,,,,,,,,2025-12-29 01:00:00+08:00
180021,Cubao,,Outdoor,airgradient:d83bda1c3fb8,False,12/29/2025 2:00,2025-12-28T18:00:00.000Z,59,43.3,43.3,2140,525,525,31.7,32.3,40.1,47,67,132,137,1,29.1,52.8,,,,,,,,,,,,,,,,,,,,,2025-12-29 02:00:00+08:00
180021,Cubao,,Outdoor,airgradient:d83bda1c3fb8,False,12/29/2025 3:00,2025-12-28T19:00:00.000Z,60,33.1,33.1,1391,512,512,31.4,32.0,39.2,48,67,91,97,1,22.4,37.6,,,,,,,,,,,,,,,,,,,,,2025-12-29 03:00:00+08:00
180021,Cubao,,Outdoor,airgradient:d83bda1c3fb8,False,12/29/2025 4:00,2025-12-28T20:00:00.000Z,60,23.8,25.8,947,497,497,31.0,31.5,38.2,48,67,67,70,1,14.0,25.4,,,,,,,,,,,,,,,,,,,,,2025-12-29 04:00:00+08:00
180021,Cubao,,Outdoor,airgradient:d83bda1c3fb8,False,12/29/2025 5:00,2025-12-28T21:00:00.000Z,60,11.9,23.5,637,495,495,31.0,31.5,37.8,47,67,55,57,2,6.2,13.4,,,,,,,,,,,,,,,,,,,,,2025-12-29 05:00:00+08:00
180021,Cubao,,Outdoor,airgradient:d83bda1c3fb8,False,12/29/2025 6:00,2025-12-28T22:00:00.000Z,60,26.2,26.2,1072,541,541,30.8,31.3,37.5,48,67,96,102,2,17.7,27.7,,,,,,,,,,,,,,,,,,,,,2025-12-29 06:00:00+08:00
180021,Cubao,,Outdoor,airgradient:d83bda1c3fb8,False,12/29/2025 7:00,2025-12-28T23:00:00.000Z,60,33.8,33.8,1494,532,532,30.7,31.1,37.2,48,68,109,115,2,23.2,38.6,,,,,,,,,,,,,,,,,,,,,2025-12-29 07:00:00+08:00
180021,Cubao,,Outdoor,airgradient:d83bda1c3fb8,True,12/29/2025 8:00,2025-12-29T00:00:00.000Z,60,30.6,30.6,1265,508,508,30.7,31.2,37.2,47,67,72,77,2,21.1,33.6,,,,,,,,,,,,,,,,,,,,,2025-12-29 08:00:00+08:00
180021,Cubao,,Outdoor,airgradient:d83bda1c3fb8,True,12/29/2025 9:00,2025-12-29T01:00:00.000Z,60,32.7,32.7,1431,483,483,30.9,31.4,37.3,46,66,51,52,2,22.0,37.2,,,,,,,,,,,,,,,,,,,,,2025-12-29 09:00:00+08:00
180021,Cubao,,Outdoor,airgradient:d83bda1c3fb8,True,12/29/2025 10:00,2025-12-29T02:00:00.000Z,60,27.8,29.8,1244,464,464,31.4,32.0,38.1,45,63,34,32,1,16.6,30.8,,,,,,,,,,,,,,,,,,,,,2025-12-29 10:00:00+08:00
180021,Cubao,,Outdoor,airgradient:d83bda1c3fb8,True,12/29/2025 11:00,2025-12-29T03:00:00.000Z,60,18.6,24.8,798,420,420,32.6,33.4,40.2,41,59,35,34,1,9.5,19.9,,,,,,,,,,,,,,,,,,,,,2025-12-29 11:00:00+08:00
180021,Cubao,,Outdoor,airgradient:d83bda1c3fb8,True,12/29/2025 12:00,2025-12-29T04:00:00.000Z,60,24.1,24.7,974,416,416,33.6,34.6,42.2,39,56,40,39,1,15.2,25.4,,,,,,,,,,,,,,,,,,,,,2025-12-29 12:00:00+08:00
180021,Cubao,,Outdoor,airgradient:d83bda1c3fb8,True,12/29/2025 13:00,2025-12-29T05:00:00.000Z,60,30.7,30.7,1324,415,415,34.1,35.2,43.6,39,56,57,59,1,21.8,33.4,,,,,,,,,,,,,,,,,,,,,2025-12-29 13:00:00+08:00
180021,Cubao,,Outdoor,airgradient:d83bda1c3fb8,True,12/29/2025 14:00,2025-12-29T06:00:00.000Z,60,31.2,31.2,1337,412,412,34.5,35.6,44.9,39,56,81,84,1,22.1,34.2,,,,,,,,,,,,,,,,,,,,,2025-12-29 14:00:00+08:00
180021,Cubao,,Outdoor,airgradient:d83bda1c3fb8,True,12/29/2025 15:00,2025-12-29T07:00:00.000Z,60,32.4,32.4,1425,412,412,34.3,35.3,44.5,39,57,78,83,1,22.6,35.8,,,,,,,,,,,,,,,,,,,,,2025-12-29 15:00:00+08:00
180021,Cubao,,Outdoor,airgradient:d83bda1c3fb8,True,12/29/2025 16:00,2025-12-29T08:00:00.000Z,60,32.1,32.1,1396,415,415,34.1,35.1,44.0,40,57,77,82,1,22.5,35.6,,,,,,,,,,,,,,,,,,,,,2025-12-29 16:00:00+08:00
180021,Cubao,,Outdoor,airgradient:d83bda1c3fb8,True,12/29/2025 17:00,2025-12-29T09:00:00.000Z,60,31.7,31.7,1382,455,455,33.7,34.7,43.5,41,58,145,149,1,22.3,34.7,,,,,,,,,,,,,,,,,,,,,2025-12-29 17:00:00+08:00
180021,Cubao,,Outdoor,airgradient:d83bda1c3fb8,True,12/29/2025 18:00,2025-12-29T10:00:00.000Z,60,250.0,250.0,11068,610,610,33.4,34.3,43.5,42,61,422,319,1,142.6,269.7,,,,,,,,,,,,,,,,,,,,,2025-12-29 18:00:00+08:00
180021,Cubao,,Outdoor,airgradient:d83bda1c3fb8,True,12/29/2025 19:00,2025-12-29T11:00:00.000Z,60,143.2,143.2,7095,637,637,33.2,34.1,43.6,44,62,613,379,1,88.7,154.7,,,,,,,,,,,,,,,,,,,,,2025-12-29 19:00:00+08:00
180021,Cubao,,Outdoor,airgradient:d83bda1c3fb8,False,12/29/2025 20:00,2025-12-29T12:00:00.000Z,60,48.8,48.8,2580,678,678,33.0,33.9,43.8,45,64,661,406,1,33.5,58.5,,,,,,,,,,,,,,,,,,,,,2025-12-29 20:00:00+08:00
180021,Cubao,,Outdoor,airgradient:d83bda1c3fb8,False,12/29/2025 21:00,2025-12-29T13:00:00.000Z,60,34.6,34.6,1523,663,663,33.0,33.8,43.2,45,64,1092,415,1,23.7,40.0,,,,,,,,,,,,,,,,,,,,,2025-12-29 21:00:00+08:00
180021,Cubao,,Outdoor,airgradient:d83bda1c3fb8,False,12/29/2025 22:00,2025-12-29T14:00:00.000Z,60,37.6,37.6,1721,619,619,32.9,33.7,43.1,45,64,2003,496,1,25.6,44.8,,,,,,,,,,,,,,,,,,,,,2025-12-29 22:00:00+08:00
180021,Cubao,,Outdoor,airgradient:d83bda1c3fb8,False,12/29/2025 23:00,2025-12-29T15:00:00.000Z,60,34.0,34.0,1452,489,489,32.2,32.9,40.4,44,63,398,306,1,23.0,39.1,,,,,,,,,,,,,,,,,,,,,2025-12-29 23:00:00+08:00
180021,Cubao,,Outdoor,airgradient:d83bda1c3fb8,False,12/30/2025 0:00,2025-12-29T16:00:00.000Z,60,23.0,25.1,923,519,519,32.1,32.8,40.1,44,63,116,121,1,13.4,24.5,,,,,,,,,,,,,,,,,,,,,2025-12-30 00:00:00+08:00
180021,Cubao,,Outdoor,airgradient:d83bda1c3fb8,False,12/30/2025 1:00,2025-12-29T17:00:00.000Z,60,14.8,26.2,679,496,496,31.8,32.5,39.5,45,64,90,94,1,6.8,16.7,,,,,,,,,,,,,,,,,,,,,2025-12-30 01:00:00+08:00
180021,Cubao,,Outdoor,airgradient:d83bda1c3fb8,False,12/30/2025 2:00,2025-12-29T18:00:00.000Z,60,14.8,26.1,689,508,508,31.5,32.1,38.8,46,65,182,173,1,6.8,16.9,,,,,,,,,,,,,,,,,,,,,2025-12-30 02:00:00+08:00
180021,Cubao,,Outdoor,airgradient:d83bda1c3fb8,False,12/30/2025 3:00,2025-12-29T19:00:00.000Z,60,7.9,20.3,526,560,560,31.4,32.0,38.6,46,65,68,72,1,4.4,8.7,,,,,,,,,,,,,,,,,,,,,2025-12-30 03:00:00+08:00
180021,Cubao,,Outdoor,airgradient:d83bda1c3fb8,False,12/30/2025 4:00,2025-12-29T20:00:00.000Z,60,5.2,16.7,432,533,533,31.4,31.9,38.2,45,64,406,265,1,2.9,5.6,,,,,,,,,,,,,,,,,,,,,2025-12-30 04:00:00+08:00
180021,Cubao,,Outdoor,airgradient:d83bda1c3fb8,False,12/30/2025 5:00,2025-12-29T21:00:00.000Z,60,8.3,21.0,543,523,523,31.1,31.6,37.5,45,64,193,175,1,4.6,9.2,,,,,,,,,,,,,,,,,,,,,2025-12-30 05:00:00+08:00
180021,Cubao,,Outdoor,airgradient:d83bda1c3fb8,False,12/30/2025 6:00,2025-12-29T22:00:00.000Z,60,23.4,25.9,970,513,513,31.0,31.5,37.5,46,65,72,76,2,14.7,24.8,,,,,,,,,,,,,,,,,,,,,2025-12-30 06:00:00+08:00
180021,Cubao,,Outdoor,airgradient:d83bda1c3fb8,False,12/30/2025 7:00,2025-12-29T23:00:00.000Z,60,26.2,26.2,1104,513,513,30.9,31.4,37.5,46,66,161,153,1,18.7,27.4,,,,,,,,,,,,,,,,,,,,,2025-12-30 07:00:00+08:00
180021,Cubao,,Outdoor,airgradient:d83bda1c3fb8,True,12/30/2025 8:00,2025-12-30T00:00:00.000Z,60,27.5,27.5,1113,461,461,31.0,31.5,37.3,46,65,47,47,1,18.9,29.5,,,,,,,,,,,,,,,,,,,,,2025-12-30 08:00:00+08:00
180021,Cubao,,Outdoor,airgradient:d83bda1c3fb8,True,12/30/2025 9:00,2025-12-30T01:00:00.000Z,59,37.4,37.4,1631,440,440,31.6,32.2,38.7,45,64,44,44,1,24.8,44.1,,,,,,,,,,,,,,,,,,,,,2025-12-30 09:00:00+08:00
180021,Cubao,,Outdoor,airgradient:d83bda1c3fb8,True,12/30/2025 10:00,2025-12-30T02:00:00.000Z,60,40.8,40.8,1840,437,437,32.4,33.2,40.5,43,61,106,84,1,26.8,49.1,,,,,,,,,,,,,,,,,,,,,2025-12-30 10:00:00+08:00
180021,Cubao,,Outdoor,airgradient:d83bda1c3fb8,True,12/30/2025 11:00,2025-12-30T03:00:00.000Z,60,38.7,38.7,1762,453,453,33.7,34.7,43.5,41,59,434,278,1,26.1,46.1,,,,,,,,,,,,,,,,,,,,,2025-12-30 11:00:00+08:00
180021,Cubao,,Outdoor,airgradient:d83bda1c3fb8,True,12/30/2025 12:00,2025-12-30T04:00:00.000Z,60,41.6,41.6,1972,429,429,34.4,35.5,44.3,38,56,94,99,1,27.9,49.7,,,,,,,,,,,,,,,,,,,,,2025-12-30 12:00:00+08:00
180021,Cubao,,Outdoor,airgradient:d83bda1c3fb8,True,12/30/2025 13:00,2025-12-30T05:00:00.000Z,60,48.8,48.8,2546,490,490,34.2,35.3,44.8,40,58,117,123,1,32.9,59.5,,,,,,,,,,,,,,,,,,,,,2025-12-30 13:00:00+08:00
180021,Cubao,,Outdoor,airgradient:d83bda1c3fb8,True,12/30/2025 14:00,2025-12-30T06:00:00.000Z,60,52.2,52.2,2857,524,524,34.0,35.1,44.9,41,59,724,289,1,35.2,64.5,,,,,,,,,,,,,,,,,,,,,2025-12-30 14:00:00+08:00
180021,Cubao,,Outdoor,airgradient:d83bda1c3fb8,True,12/30/2025 15:00,2025-12-30T07:00:00.000Z,60,50.3,50.3,2700,484,484,34.1,35.1,44.9,41,59,996,446,1,33.7,61.9,,,,,,,,,,,,,,,,,,,,,2025-12-30 15:00:00+08:00
180021,Cubao,,Outdoor,airgradient:d83bda1c3fb8,True,12/30/2025 16:00,2025-12-30T08:00:00.000Z,60,36.9,36.9,1651,432,432,33.8,34.8,44.1,41,59,225,206,1,25.1,42.9,,,,,,,,,,,,,,,,,,,,,2025-12-30 16:00:00+08:00
180021,Cubao,,Outdoor,airgradient:d83bda1c3fb8,True,12/30/2025 17:00,2025-12-30T09:00:00.000Z,60,26.9,26.9,1104,440,440,33.6,34.6,44.0,42,60,130,135,1,19.1,28.2,,,,,,,,,,,,,,,,,,,,,2025-12-30 17:00:00+08:00
180021,Cubao,,Outdoor,airgradient:d83bda1c3fb8,True,12/30/2025 18:00,2025-12-30T10:00:00.000Z,60,27.0,27.0,1102,492,492,33.4,34.4,43.7,43,61,150,154,1,19.2,28.0,,,,,,,,,,,,,,,,,,,,,2025-12-30 18:00:00+08:00
180021,Cubao,,Outdoor,airgradient:d83bda1c3fb8,True,12/30/2025 19:00,2025-12-30T11:00:00.000Z,60,31.8,31.8,1336,511,511,33.2,34.1,43.4,44,62,132,138,1,21.9,35.4,,,,,,,,,,,,,,,,,,,,,2025-12-30 19:00:00+08:00
180021,Cubao,,Outdoor,airgradient:d83bda1c3fb8,False,12/30/2025 20:00,2025-12-30T12:00:00.000Z,60,37.8,37.8,1704,629,629,33.0,33.9,43.5,45,64,158,162,1,25.5,45.1,,,,,,,,,,,,,,,,,,,,,2025-12-30 20:00:00+08:00
180021,Cubao,,Outdoor,airgradient:d83bda1c3fb8,False,12/30/2025 21:00,2025-12-30T13:00:00.000Z,60,43.0,43.0,2087,673,673,32.8,33.6,43.2,46,65,298,250,1,28.8,52.2,,,,,,,,,,,,,,,,,,,,,2025-12-30 21:00:00+08:00
180021,Cubao,,Outdoor,airgradient:d83bda1c3fb8,False,12/30/2025 22:00,2025-12-30T14:00:00.000Z,59,39.6,39.6,1814,583,583,32.5,33.3,42.1,46,65,342,238,1,26.7,47.4,,,,,,,,,,,,,,,,,,,,,2025-12-30 22:00:00+08:00
180021,Cubao,,Outdoor,airgradient:d83bda1c3fb8,False,12/30/2025 23:00,2025-12-30T15:00:00.000Z,60,31.6,31.6,1313,583,583,32.3,33.0,41.5,46,65,308,225,1,21.7,35.4,,,,,,,,,,,,,,,,,,,,,2025-12-30 23:00:00+08:00
180021,Cubao,,Outdoor,airgradient:d83bda1c3fb8,False,12/31/2025 0:00,2025-12-30T16:00:00.000Z,60,23.1,25.1,910,502,502,31.9,32.6,40.3,46,65,61,64,1,13.7,24.2,,,,,,,,,,,,,,,,,,,,,2025-12-31 00:00:00+08:00
180021,Cubao,,Outdoor,airgradient:d83bda1c3fb8,False,12/31/2025 1:00,2025-12-30T17:00:00.000Z,58,23.9,25.1,965,452,452,31.5,32.1,39.1,46,65,42,41,2,14.9,25.3,,,,,,,,,,,,,,,,,,,,,2025-12-31 01:00:00+08:00
180021,Cubao,,Outdoor,airgradient:d83bda1c3fb8,False,12/31/2025 2:00,2025-12-30T18:00:00.000Z,60,29.0,29.0,1146,458,458,31.3,31.9,38.8,47,66,45,46,2,20.0,30.8,,,,,,,,,,,,,,,,,,,,,2025-12-31 02:00:00+08:00
180021,Cubao,,Outdoor,airgradient:d83bda1c3fb8,False,12/31/2025 3:00,2025-12-30T19:00:00.000Z,60,29.0,29.0,1144,474,474,31.2,31.7,38.3,47,66,120,109,2,20.0,31.2,,,,,,,,,,,,,,,,,,,,,2025-12-31 03:00:00+08:00
180021,Cubao,,Outdoor,airgradient:d83bda1c3fb8,False,12/31/2025 4:00,2025-12-30T20:00:00.000Z,60,26.0,26.0,1033,512,512,31.2,31.8,38.6,47,67,147,133,1,17.9,27.4,,,,,,,,,,,,,,,,,,,,,2025-12-31 04:00:00+08:00
180021,Cubao,,Outdoor,airgradient:d83bda1c3fb8,False,12/31/2025 5:00,2025-12-30T21:00:00.000Z,60,30.9,30.9,1232,500,500,31.2,31.8,38.8,47,67,63,66,1,21.1,33.9,,,,,,,,,,,,,,,,,,,,,2025-12-31 05:00:00+08:00
180021,Cubao,,Outdoor,airgradient:d83bda1c3fb8,False,12/31/2025 6:00,2025-12-30T22:00:00.000Z,60,34.8,34.8,1474,523,523,31.1,31.6,38.4,48,68,139,118,1,23.3,40.3,,,,,,,,,,,,,,,,,,,,,2025-12-31 06:00:00+08:00
180021,Cubao,,Outdoor,airgradient:d83bda1c3fb8,False,12/31/2025 7:00,2025-12-30T23:00:00.000Z,60,36.0,36.0,1573,534,534,31.0,31.6,38.5,48,68,80,85,1,24.2,42.4,,,,,,,,,,,,,,,,,,,,,2025-12-31 07:00:00+08:00
180021,Cubao,,Outdoor,airgradient:d83bda1c3fb8,True,12/31/2025 8:00,2025-12-31T00:00:00.000Z,60,38.9,38.9,1752,482,482,31.3,31.9,39.1,47,67,65,69,2,26.2,46.5,,,,,,,,,,,,,,,,,,,,,2025-12-31 08:00:00+08:00
180021,Cubao,,Outdoor,airgradient:d83bda1c3fb8,True,12/31/2025 9:00,2025-12-31T01:00:00.000Z,60,35.9,35.9,1538,436,436,31.9,32.5,39.9,45,65,38,37,2,24.3,42.2,,,,,,,,,,,,,,,,,,,,,2025-12-31 09:00:00+08:00
180021,Cubao,,Outdoor,airgradient:d83bda1c3fb8,True,12/31/2025 10:00,2025-12-31T02:00:00.000Z,60,44.4,44.4,2230,413,413,32.5,33.3,41.1,43,62,35,33,1,29.8,54.0,,,,,,,,,,,,,,,,,,,,,2025-12-31 10:00:00+08:00
180021,Cubao,,Outdoor,airgradient:d83bda1c3fb8,True,12/31/2025 11:00,2025-12-31T03:00:00.000Z,60,46.7,46.7,2357,429,429,32.9,33.7,42.1,43,62,67,71,1,31.8,56.3,,,,,,,,,,,,,,,,,,,,,2025-12-31 11:00:00+08:00
180021,Cubao,,Outdoor,airgradient:d83bda1c3fb8,True,12/31/2025 12:00,2025-12-31T04:00:00.000Z,60,42.9,42.9,2018,425,425,32.8,33.6,41.9,44,62,64,67,1,28.6,51.7,,,,,,,,,,,,,,,,,,,,,2025-12-31 12:00:00+08:00
180021,Cubao,,Outdoor,airgradient:d83bda1c3fb8,True,12/31/2025 13:00,2025-12-31T05:00:00.000Z,60,41.1,41.1,1913,423,423,33.4,34.3,43.5,43,61,56,58,1,27.6,49.4,,,,,,,,,,,,,,,,,,,,,2025-12-31 13:00:00+08:00
180021,Cubao,,Outdoor,airgradient:d83bda1c3fb8,True,12/31/2025 14:00,2025-12-31T06:00:00.000Z,60,33.8,34.9,1516,429,429,33.7,34.7,44.2,42,60,68,72,1,22.0,39.0,,,,,,,,,,,,,,,,,,,,,2025-12-31 14:00:00+08:00
180021,Cubao,,Outdoor,airgradient:d83bda1c3fb8,True,12/31/2025 15:00,2025-12-31T07:00:00.000Z,60,15.2,25.5,676,409,409,33.5,34.5,43.9,43,61,270,221,1,6.8,17.3,,,,,,,,,,,,,,,,,,,,,2025-12-31 15:00:00+08:00
180021,Cubao,,Outdoor,airgradient:d83bda1c3fb8,True,12/31/2025 16:00,2025-12-31T08:00:00.000Z,60,18.2,27.8,728,435,435,33.5,34.5,44.5,44,62,1113,466,1,7.6,19.8,,,,,,,,,,,,,,,,,,,,,2025-12-31 16:00:00+08:00
180021,Cubao,,Outdoor,airgradient:d83bda1c3fb8,True,12/31/2025 17:00,2025-12-31T09:00:00.000Z,60,26.7,27.8,1087,418,418,33.2,34.1,43.4,43,62,843,421,1,16.5,29.1,,,,,,,,,,,,,,,,,,,,,2025-12-31 17:00:00+08:00
180021,Cubao,,Outdoor,airgradient:d83bda1c3fb8,True,12/31/2025 18:00,2025-12-31T10:00:00.000Z,60,34.8,34.8,1472,423,423,32.7,33.5,41.8,44,63,301,258,1,23.2,40.5,,,,,,,,,,,,,,,,,,,,,2025-12-31 18:00:00+08:00
180021,Cubao,,Outdoor,airgradient:d83bda1c3fb8,True,12/31/2025 19:00,2025-12-31T11:00:00.000Z,60,45.7,45.7,2243,428,428,32.6,33.4,41.4,44,62,227,218,1,30.2,56.3,,,,,,,,,,,,,,,,,,,,,2025-12-31 19:00:00+08:00
180021,Cubao,,Outdoor,airgradient:d83bda1c3fb8,False,12/31/2025 20:00,2025-12-31T12:00:00.000Z,60,46.7,46.7,2311,428,428,32.5,33.2,41.0,44,62,179,180,1,30.9,56.8,,,,,,,,,,,,,,,,,,,,,2025-12-31 20:00:00+08:00
180021,Cubao,,Outdoor,airgradient:d83bda1c3fb8,False,12/31/2025 21:00,2025-12-31T13:00:00.000Z,60,125.6,125.6,6824,498,498,32.1,32.8,40.2,44,63,255,236,1,84.6,133.1,,,,,,,,,,,,,,,,,,,,,2025-12-31 21:00:00+08:00
180021,Cubao,,Outdoor,airgradient:d83bda1c3fb8,False,12/31/2025 22:00,2025-12-31T14:00:00.000Z,60,156.1,156.1,8272,490,490,32.0,32.7,39.8,44,63,234,217,1,105.2,163.5,,,,,,,,,,,,,,,,,,,,,2025-12-31 22:00:00+08:00
180021,Cubao,,Outdoor,airgradient:d83bda1c3fb8,False,12/31/2025 23:00,2025-12-31T15:00:00.000Z,60,55.1,55.1,2969,486,486,32.0,32.7,39.5,44,62,773,359,1,37.0,66.1,,,,,,,,,,,,,,,,,,,,,2025-12-31 23:00:00+08:00
180021,Cubao,,Outdoor,airgradient:d83bda1c3fb8,False,1/1/2026 0:00,2025-12-31T16:00:00.000Z,60,184.3,184.3,9394,458,458,31.8,32.5,38.9,44,62,228,208,1,120.6,196.5,,,,,,,,,,,,,,,,,,,,,2026-01-01 00:00:00+08:00
180021,Cubao,,Outdoor,airgradient:d83bda1c3fb8,False,1/1/2026 1:00,2025-12-31T17:00:00.000Z,60,216.1,216.1,10801,445,445,31.9,32.5,39.0,44,62,152,156,1,139.8,228.8,,,,,,,,,,,,,,,,,,,,,2026-01-01 01:00:00+08:00
180021,Cubao,,Outdoor,airgradient:d83bda1c3fb8,False,1/1/2026 2:00,2025-12-31T18:00:00.000Z,59,217.3,217.3,10706,456,456,31.8,32.5,39.0,44,62,142,147,2,138.6,231.3,,,,,,,,,,,,,,,,,,,,,2026-01-01 02:00:00+08:00
180021,Cubao,,Outdoor,airgradient:d83bda1c3fb8,False,1/1/2026 3:00,2025-12-31T19:00:00.000Z,60,295.7,295.7,13799,480,480,31.6,32.2,38.6,44,63,162,166,1,179.6,315.9,,,,,,,,,,,,,,,,,,,,,2026-01-01 03:00:00+08:00
180021,Cubao,,Outdoor,airgradient:d83bda1c3fb8,False,1/1/2026 4:00,2025-12-31T20:00:00.000Z,60,237.6,237.6,11289,504,504,31.5,32.1,38.4,45,64,762,299,1,146.5,253.1,,,,,,,,,,,,,,,,,,,,,2026-01-01 04:00:00+08:00
180021,Cubao,,Outdoor,airgradient:d83bda1c3fb8,False,1/1/2026 5:00,2025-12-31T21:00:00.000Z,60,158.2,158.2,7831,488,488,31.2,31.7,37.8,46,65,352,252,1,100.6,167.7,,,,,,,,,,,,,,,,,,,,,2026-01-01 05:00:00+08:00
180021,Cubao,,Outdoor,airgradient:d83bda1c3fb8,False,1/1/2026 6:00,2025-12-31T22:00:00.000Z,60,76.3,76.3,3993,500,500,31.2,31.8,38.0,46,65,96,101,2,49.9,83.2,,,,,,,,,,,,,,,,,,,,,2026-01-01 06:00:00+08:00
180021,Cubao,,Outdoor,airgradient:d83bda1c3fb8,False,1/1/2026 7:00,2025-12-31T23:00:00.000Z,60,57.6,57.6,3041,506,506,31.2,31.8,38.2,46,65,75,80,2,37.5,69.3,,,,,,,,,,,,,,,,,,,,,2026-01-01 07:00:00+08:00
180021,Cubao,,Outdoor,airgradient:d83bda1c3fb8,True,1/1/2026 8:00,2026-01-01T00:00:00.000Z,55,60.8,60.8,3149,487,487,31.5,32.1,38.4,45,64,70,74,2,39.1,72.2,,,,,,,,,,,,,,,,,,,,,2026-01-01 08:00:00+08:00
180021,Cubao,,Outdoor,airgradient:d83bda1c3fb8,True,1/1/2026 9:00,2026-01-01T01:00:00.000Z,59,80.2,80.2,4008,472,472,31.8,32.4,39.1,44,63,65,68,1,50.4,85.6,,,,,,,,,,,,,,,,,,,,,2026-01-01 09:00:00+08:00
180021,Cubao,,Outdoor,airgradient:d83bda1c3fb8,True,1/1/2026 10:00,2026-01-01T02:00:00.000Z,57,87.5,87.5,4339,448,448,32.1,32.8,39.8,43,62,50,51,1,53.9,93.0,,,,,,,,,,,,,,,,,,,,,2026-01-01 10:00:00+08:00
180021,Cubao,,Outdoor,airgradient:d83bda1c3fb8,True,1/1/2026 11:00,2026-01-01T03:00:00.000Z,59,86.2,86.2,4237,424,424,32.9,33.8,41.6,42,60,47,47,1,52.9,92.2,,,,,,,,,,,,,,,,,,,,,2026-01-01 11:00:00+08:00
180021,Cubao,,Outdoor,airgradient:d83bda1c3fb8,True,1/1/2026 12:00,2026-01-01T04:00:00.000Z,60,73.1,73.1,3562,418,418,33.6,34.5,43.2,41,59,41,40,1,44.6,81.3,,,,,,,,,,,,,,,,,,,,,2026-01-01 12:00:00+08:00
180021,Cubao,,Outdoor,airgradient:d83bda1c3fb8,True,1/1/2026 13:00,2026-01-01T05:00:00.000Z,59,44.2,44.2,1968,420,420,33.9,34.9,44.2,41,59,44,44,1,27.8,53.7,,,,,,,,,,,,,,,,,,,,,2026-01-01 13:00:00+08:00
180021,Cubao,,Outdoor,airgradient:d83bda1c3fb8,True,1/1/2026 14:00,2026-01-01T06:00:00.000Z,60,45.0,45.0,1972,405,405,33.9,34.9,44.3,41,59,48,48,1,27.7,50.9,,,,,,,,,,,,,,,,,,,,,2026-01-01 14:00:00+08:00
180021,Cubao,,Outdoor,airgradient:d83bda1c3fb8,True,1/1/2026 15:00,2026-01-01T07:00:00.000Z,60,19.1,25.9,942,414,414,33.5,34.4,44.0,43,62,59,61,1,10.7,21.8,,,,,,,,,,,,,,,,,,,,,2026-01-01 15:00:00+08:00
180021,Cubao,,Outdoor,airgradient:d83bda1c3fb8,True,1/1/2026 16:00,2026-01-01T08:00:00.000Z,60,37.0,39.2,1667,421,421,33.0,33.9,43.6,45,64,51,52,1,22.3,44.2,,,,,,,,,,,,,,,,,,,,,2026-01-01 16:00:00+08:00
180021,Cubao,,Outdoor,airgradient:d83bda1c3fb8,True,1/1/2026 17:00,2026-01-01T09:00:00.000Z,60,43.7,43.8,1959,452,452,32.2,32.9,42.6,49,69,61,63,1,27.2,53.7,,,,,,,,,,,,,,,,,,,,,2026-01-01 17:00:00+08:00
180021,Cubao,,Outdoor,airgradient:d83bda1c3fb8,True,1/1/2026 18:00,2026-01-01T10:00:00.000Z,60,16.5,23.7,652,429,429,31.6,32.2,41.0,50,70,41,41,1,6.8,18.1,,,,,,,,,,,,,,,,,,,,,2026-01-01 18:00:00+08:00
180021,Cubao,,Outdoor,airgradient:d83bda1c3fb8,True,1/1/2026 19:00,2026-01-01T11:00:00.000Z,60,10.3,20.7,537,426,426,31.1,31.6,39.7,51,71,33,31,1,4.5,11.4,,,,,,,,,,,,,,,,,,,,,2026-01-01 19:00:00+08:00
180021,Cubao,,Outdoor,airgradient:d83bda1c3fb8,False,1/1/2026 20:00,2026-01-01T12:00:00.000Z,60,4.0,12.8,332,441,441,31.2,31.8,40.0,50,71,100,91,1,1.3,4.5,,,,,,,,,,,,,,,,,,,,,2026-01-01 20:00:00+08:00
180021,Cubao,,Outdoor,airgradient:d83bda1c3fb8,False,1/1/2026 21:00,2026-01-01T13:00:00.000Z,60,1.6,9.1,236,515,515,31.0,31.5,39.8,52,73,275,216,1,0.4,1.8,,,,,,,,,,,,,,,,,,,,,2026-01-01 21:00:00+08:00
180021,Cubao,,Outdoor,airgradient:d83bda1c3fb8,False,1/1/2026 22:00,2026-01-01T14:00:00.000Z,60,2.9,12.5,324,534,534,31.1,31.6,40.2,52,73,92,98,1,0.7,3.1,,,,,,,,,,,,,,,,,,,,,2026-01-01 22:00:00+08:00
180021,Cubao,,Outdoor,airgradient:d83bda1c3fb8,False,1/1/2026 23:00,2026-01-01T15:00:00.000Z,60,4.8,15.2,392,482,482,31.1,31.6,39.8,51,72,70,74,2,1.9,5.2,,,,,,,,,,,,,,,,,,,,,2026-01-01 23:00:00+08:00
180021,Cubao,,Outdoor,airgradient:d83bda1c3fb8,False,1/2/2026 0:00,2026-01-01T16:00:00.000Z,59,26.1,28.0,1016,445,445,31.1,31.6,39.5,50,71,61,63,1,16.2,28.4,,,,,,,,,,,,,,,,,,,,,2026-01-02 00:00:00+08:00
180021,Cubao,,Outdoor,airgradient:d83bda1c3fb8,False,1/2/2026 1:00,2026-01-01T17:00:00.000Z,60,5.2,15.4,399,424,424,30.1,30.4,36.7,52,72,28,24,1,2.2,5.6,,,,,,,,,,,,,,,,,,,,,2026-01-02 01:00:00+08:00
180021,Cubao,,Outdoor,airgradient:d83bda1c3fb8,False,1/2/2026 2:00,2026-01-01T18:00:00.000Z,60,17.1,25.0,670,428,428,29.8,30.1,35.9,52,73,29,25,1,7.1,18.2,,,,,,,,,,,,,,,,,,,,,2026-01-02 02:00:00+08:00
180021,Cubao,,Outdoor,airgradient:d83bda1c3fb8,False,1/2/2026 3:00,2026-01-01T19:00:00.000Z,59,24.2,26.0,843,434,434,29.8,30.0,35.9,52,73,31,28,1,11.5,25.5,,,,,,,,,,,,,,,,,,,,,2026-01-02 03:00:00+08:00
180021,Cubao,,Outdoor,airgradient:d83bda1c3fb8,False,1/2/2026 4:00,2026-01-01T20:00:00.000Z,60,20.6,27.7,751,442,442,29.8,30.1,36.1,52,73,36,34,1,8.5,22.0,,,,,,,,,,,,,,,,,,,,,2026-01-02 04:00:00+08:00
180021,Cubao,,Outdoor,airgradient:d83bda1c3fb8,False,1/2/2026 5:00,2026-01-01T21:00:00.000Z,60,14.2,24.8,642,455,455,30.0,30.4,36.6,52,72,45,45,1,6.4,15.8,,,,,,,,,,,,,,,,,,,,,2026-01-02 05:00:00+08:00
180021,Cubao,,Outdoor,airgradient:d83bda1c3fb8,False,1/2/2026 6:00,2026-01-01T22:00:00.000Z,60,12.5,24.6,638,472,472,29.9,30.2,36.2,52,72,57,59,1,6.2,14.1,,,,,,,,,,,,,,,,,,,,,2026-01-02 06:00:00+08:00
180021,Cubao,,Outdoor,airgradient:d83bda1c3fb8,False,1/2/2026 7:00,2026-01-01T23:00:00.000Z,60,7.3,20.0,517,483,483,30.0,30.4,36.4,51,72,80,85,2,4.2,7.9,,,,,,,,,,,,,,,,,,,,,2026-01-02 07:00:00+08:00
180021,Cubao,,Outdoor,airgradient:d83bda1c3fb8,True,1/2/2026 8:00,2026-01-02T00:00:00.000Z,60,11.5,20.5,588,504,504,30.3,30.6,37.3,51,72,83,87,2,6.0,12.6,,,,,,,,,,,,,,,,,,,,,2026-01-02 08:00:00+08:00
180021,Cubao,,Outdoor,airgradient:d83bda1c3fb8,True,1/2/2026 9:00,2026-01-02T01:00:00.000Z,60,13.4,22.4,648,473,473,30.5,30.9,37.5,51,71,71,75,1,6.9,14.8,,,,,,,,,,,,,,,,,,,,,2026-01-02 09:00:00+08:00
180021,Cubao,,Outdoor,airgradient:d83bda1c3fb8,True,1/2/2026 10:00,2026-01-02T02:00:00.000Z,60,5.7,17.3,447,423,423,30.8,31.2,37.3,47,67,41,40,1,2.9,6.1,,,,,,,,,,,,,,,,,,,,,2026-01-02 10:00:00+08:00
180021,Cubao,,Outdoor,airgradient:d83bda1c3fb8,True,1/2/2026 11:00,2026-01-02T03:00:00.000Z,60,4.5,14.9,385,412,412,31.1,31.6,37.5,45,64,34,32,1,2.2,4.8,,,,,,,,,,,,,,,,,,,,,2026-01-02 11:00:00+08:00
180021,Cubao,,Outdoor,airgradient:d83bda1c3fb8,True,1/2/2026 12:00,2026-01-02T04:00:00.000Z,60,8.0,19.3,527,463,463,31.4,32.0,39.0,46,66,110,115,1,4.4,8.5,,,,,,,,,,,,,,,,,,,,,2026-01-02 12:00:00+08:00
180021,Cubao,,Outdoor,airgradient:d83bda1c3fb8,True,1/2/2026 13:00,2026-01-02T05:00:00.000Z,60,30.6,30.7,1290,482,482,31.2,31.8,39.4,49,69,185,185,2,20.0,34.3,,,,,,,,,,,,,,,,,,,,,2026-01-02 13:00:00+08:00
180021,Cubao,,Outdoor,airgradient:d83bda1c3fb8,True,1/2/2026 14:00,2026-01-02T06:00:00.000Z,60,13.7,22.2,691,499,499,30.9,31.4,38.7,50,70,182,179,2,7.9,14.6,,,,,,,,,,,,,,,,,,,,,2026-01-02 14:00:00+08:00
180021,Cubao,,Outdoor,airgradient:d83bda1c3fb8,True,1/2/2026 15:00,2026-01-02T07:00:00.000Z,60,13.4,24.1,669,506,506,30.8,31.3,38.5,50,70,190,172,2,6.8,15.1,,,,,,,,,,,,,,,,,,,,,2026-01-02 15:00:00+08:00
180021,Cubao,,Outdoor,airgradient:d83bda1c3fb8,True,1/2/2026 16:00,2026-01-02T08:00:00.000Z,60,5.2,16.7,432,479,479,30.7,31.1,38.2,51,71,177,170,2,2.6,5.6,,,,,,,,,,,,,,,,,,,,,2026-01-02 16:00:00+08:00
180021,Cubao,,Outdoor,airgradient:d83bda1c3fb8,True,1/2/2026 17:00,2026-01-02T09:00:00.000Z,60,4.5,15.4,399,477,477,30.5,31.0,37.8,51,71,137,141,2,2.2,4.8,,,,,,,,,,,,,,,,,,,,,2026-01-02 17:00:00+08:00
180021,Cubao,,Outdoor,airgradient:d83bda1c3fb8,True,1/2/2026 18:00,2026-01-02T10:00:00.000Z,60,5.2,17.1,444,491,491,30.4,30.8,37.6,51,72,1400,458,1,2.4,5.5,,,,,,,,,,,,,,,,,,,,,2026-01-02 18:00:00+08:00
180021,Cubao,,Outdoor,airgradient:d83bda1c3fb8,True,1/2/2026 19:00,2026-01-02T11:00:00.000Z,60,14.9,22.3,717,505,505,30.2,30.6,37.3,52,73,217,203,2,8.8,15.8,,,,,,,,,,,,,,,,,,,,,2026-01-02 19:00:00+08:00
180021,Cubao,,Outdoor,airgradient:d83bda1c3fb8,False,1/2/2026 20:00,2026-01-02T12:00:00.000Z,60,26.7,26.7,1126,502,502,30.3,30.7,37.5,52,73,158,161,2,18.8,28.4,,,,,,,,,,,,,,,,,,,,,2026-01-02 20:00:00+08:00
180021,Cubao,,Outdoor,airgradient:d83bda1c3fb8,False,1/2/2026 21:00,2026-01-02T13:00:00.000Z,60,31.4,31.4,1354,509,509,30.5,30.9,38.3,53,73,197,194,2,22.1,34.7,,,,,,,,,,,,,,,,,,,,,2026-01-02 21:00:00+08:00
180021,Cubao,,Outdoor,airgradient:d83bda1c3fb8,False,1/2/2026 22:00,2026-01-02T14:00:00.000Z,60,29.8,29.8,1286,497,497,30.4,30.8,37.4,51,72,139,144,2,21.0,32.7,,,,,,,,,,,,,,,,,,,,,2026-01-02 22:00:00+08:00
180021,Cubao,,Outdoor,airgradient:d83bda1c3fb8,False,1/2/2026 23:00,2026-01-02T15:00:00.000Z,59,20.5,21.9,883,502,502,30.2,30.6,36.7,51,71,111,117,2,11.3,21.3,,,,,,,,,,,,,,,,,,,,,2026-01-02 23:00:00+08:00
180021,Cubao,,Outdoor,airgradient:d83bda1c3fb8,False,1/3/2026 0:00,2026-01-02T16:00:00.000Z,60,21.3,22.6,930,533,533,30.1,30.4,36.5,51,72,258,146,2,12.9,22.3,,,,,,,,,,,,,,,,,,,,,2026-01-03 00:00:00+08:00
180021,Cubao,,Outdoor,airgradient:d83bda1c3fb8,False,1/3/2026 1:00,2026-01-02T17:00:00.000Z,60,21.3,21.5,933,541,541,30.0,30.3,36.3,51,72,423,236,1,13.0,22.6,,,,,,,,,,,,,,,,,,,,,2026-01-03 01:00:00+08:00
180021,Cubao,,Outdoor,airgradient:d83bda1c3fb8,False,1/3/2026 2:00,2026-01-02T18:00:00.000Z,60,26.2,26.2,1086,544,544,29.9,30.2,36.1,51,72,119,125,1,18.2,27.5,,,,,,,,,,,,,,,,,,,,,2026-01-03 02:00:00+08:00
180021,Cubao,,Outdoor,airgradient:d83bda1c3fb8,False,1/3/2026 3:00,2026-01-02T19:00:00.000Z,60,26.3,26.3,1099,553,553,29.9,30.2,36.0,51,72,134,139,1,18.4,27.7,,,,,,,,,,,,,,,,,,,,,2026-01-03 03:00:00+08:00
180021,Cubao,,Outdoor,airgradient:d83bda1c3fb8,False,1/3/2026 4:00,2026-01-02T20:00:00.000Z,60,28.1,28.1,1171,537,537,29.9,30.2,35.8,51,71,271,229,1,20.0,29.8,,,,,,,,,,,,,,,,,,,,,2026-01-03 04:00:00+08:00
180021,Cubao,,Outdoor,airgradient:d83bda1c3fb8,False,1/3/2026 5:00,2026-01-02T21:00:00.000Z,60,13.6,23.2,691,502,502,29.7,30.0,35.1,50,70,89,94,2,7.5,14.6,,,,,,,,,,,,,,,,,,,,,2026-01-03 05:00:00+08:00
180021,Cubao,,Outdoor,airgradient:d83bda1c3fb8,False,1/3/2026 6:00,2026-01-02T22:00:00.000Z,60,5.2,17.1,442,493,493,29.6,29.8,34.6,50,70,66,69,2,2.8,5.6,,,,,,,,,,,,,,,,,,,,,2026-01-03 06:00:00+08:00
180021,Cubao,,Outdoor,airgradient:d83bda1c3fb8,False,1/3/2026 7:00,2026-01-02T23:00:00.000Z,60,9.7,24.2,627,520,520,29.6,29.8,34.7,50,70,87,93,2,5.8,10.6,,,,,,,,,,,,,,,,,,,,,2026-01-03 07:00:00+08:00
180021,Cubao,,Outdoor,airgradient:d83bda1c3fb8,True,1/3/2026 8:00,2026-01-03T00:00:00.000Z,60,5.4,17.5,454,503,503,29.8,30.1,34.8,49,69,60,62,2,3.1,5.9,,,,,,,,,,,,,,,,,,,,,2026-01-03 08:00:00+08:00
180021,Cubao,,Outdoor,airgradient:d83bda1c3fb8,True,1/3/2026 9:00,2026-01-03T01:00:00.000Z,60,3.1,13.1,339,451,451,29.8,30.1,34.5,47,67,35,34,1,0.8,3.4,,,,,,,,,,,,,,,,,,,,,2026-01-03 09:00:00+08:00
180021,Cubao,,Outdoor,airgradient:d83bda1c3fb8,True,1/3/2026 10:00,2026-01-03T02:00:00.000Z,60,2.4,11.5,297,416,416,30.2,30.6,34.8,44,63,25,20,1,0.6,2.7,,,,,,,,,,,,,,,,,,,,,2026-01-03 10:00:00+08:00
180021,Cubao,,Outdoor,airgradient:d83bda1c3fb8,True,1/3/2026 11:00,2026-01-03T03:00:00.000Z,60,0.0,3.8,98,398,398,30.8,31.3,35.3,41,59,19,13,1,0.0,0.1,,,,,,,,,,,,,,,,,,,,,2026-01-03 11:00:00+08:00
180021,Cubao,,Outdoor,airgradient:d83bda1c3fb8,True,1/3/2026 12:00,2026-01-03T04:00:00.000Z,60,0.8,4.8,128,395,395,31.0,31.4,35.1,40,58,19,13,1,0.2,0.9,,,,,,,,,,,,,,,,,,,,,2026-01-03 12:00:00+08:00
180021,Cubao,,Outdoor,airgradient:d83bda1c3fb8,True,1/3/2026 13:00,2026-01-03T05:00:00.000Z,60,1.4,6.8,189,396,396,31.0,31.5,35.1,39,57,23,18,1,0.6,1.5,,,,,,,,,,,,,,,,,,,,,2026-01-03 13:00:00+08:00
180021,Cubao,,Outdoor,airgradient:d83bda1c3fb8,True,1/3/2026 14:00,2026-01-03T06:00:00.000Z,60,0.1,3.9,102,396,396,31.0,31.4,35.0,39,57,27,23,1,0.0,0.1,,,,,,,,,,,,,,,,,,,,,2026-01-03 14:00:00+08:00
180021,Cubao,,Outdoor,airgradient:d83bda1c3fb8,True,1/3/2026 15:00,2026-01-03T07:00:00.000Z,60,0.0,3.5,89,393,393,30.4,30.8,33.9,40,58,25,21,1,0.0,0.0,,,,,,,,,,,,,,,,,,,,,2026-01-03 15:00:00+08:00
180021,Cubao,,Outdoor,airgradient:d83bda1c3fb8,True,1/3/2026 16:00,2026-01-03T08:00:00.000Z,59,0.0,4.8,124,396,396,30.0,30.4,33.2,40,58,36,34,1,0.0,0.1,,,,,,,,,,,,,,,,,,,,,2026-01-03 16:00:00+08:00
180021,Cubao,,Outdoor,airgradient:d83bda1c3fb8,True,1/3/2026 17:00,2026-01-03T09:00:00.000Z,60,0.1,6.6,170,420,420,29.9,30.2,32.9,41,59,68,72,1,0.0,0.2,,,,,,,,,,,,,,,,,,,,,2026-01-03 17:00:00+08:00
180021,Cubao,,Outdoor,airgradient:d83bda1c3fb8,True,1/3/2026 18:00,2026-01-03T10:00:00.000Z,60,1.6,9.3,242,441,441,29.5,29.7,32.4,42,61,68,71,1,0.3,1.9,,,,,,,,,,,,,,,,,,,,,2026-01-03 18:00:00+08:00
180021,Cubao,,Outdoor,airgradient:d83bda1c3fb8,True,1/3/2026 19:00,2026-01-03T11:00:00.000Z,58,6.4,17.3,449,495,495,30.0,30.4,34.0,43,62,112,118,1,3.0,7.2,,,,,,,,,,,,,,,,,,,,,2026-01-03 19:00:00+08:00
180021,Cubao,,Outdoor,airgradient:d83bda1c3fb8,False,1/3/2026 20:00,2026-01-03T12:00:00.000Z,59,4.9,15.1,391,494,494,29.7,30.0,33.3,44,62,106,112,1,2.1,5.2,,,,,,,,,,,,,,,,,,,,,2026-01-03 20:00:00+08:00
180021,Cubao,,Outdoor,airgradient:d83bda1c3fb8,False,1/3/2026 21:00,2026-01-03T13:00:00.000Z,60,3.3,12.7,329,553,553,29.7,30.0,33.4,44,63,120,126,2,1.2,3.8,,,,,,,,,,,,,,,,,,,,,2026-01-03 21:00:00+08:00
180021,Cubao,,Outdoor,airgradient:d83bda1c3fb8,False,1/3/2026 22:00,2026-01-03T14:00:00.000Z,60,1.3,9.4,243,517,517,29.5,29.7,32.8,44,63,100,106,1,0.1,1.6,,,,,,,,,,,,,,,,,,,,,2026-01-03 22:00:00+08:00
180021,Cubao,,Outdoor,airgradient:d83bda1c3fb8,False,1/3/2026 23:00,2026-01-03T15:00:00.000Z,60,1.9,10.7,277,563,563,29.6,29.8,33.1,45,64,129,135,2,0.2,2.3,,,,,,,,,,,,,,,,,,,,,2026-01-03 23:00:00+08:00
180021,Cubao,,Outdoor,airgradient:d83bda1c3fb8,False,1/4/2026 0:00,2026-01-03T16:00:00.000Z,60,5.5,17.7,458,498,498,29.4,29.7,32.8,44,63,174,175,2,3.2,5.7,,,,,,,,,,,,,,,,,,,,,2026-01-04 00:00:00+08:00
180021,Cubao,,Outdoor,airgradient:d83bda1c3fb8,False,1/4/2026 1:00,2026-01-03T17:00:00.000Z,60,4.5,15.9,411,474,474,29.2,29.4,32.3,44,63,154,158,3,2.4,4.9,,,,,,,,,,,,,,,,,,,,,2026-01-04 01:00:00+08:00
180021,Cubao,,Outdoor,airgradient:d83bda1c3fb8,False,1/4/2026 2:00,2026-01-03T18:00:00.000Z,60,5.0,15.4,398,476,476,29.0,29.2,31.9,45,63,135,140,2,2.2,5.3,,,,,,,,,,,,,,,,,,,,,2026-01-04 02:00:00+08:00
180021,Cubao,,Outdoor,airgradient:d83bda1c3fb8,False,1/4/2026 3:00,2026-01-03T19:00:00.000Z,60,2.7,12.2,315,465,465,28.8,28.9,31.6,45,64,109,115,2,0.6,3.0,,,,,,,,,,,,,,,,,,,,,2026-01-04 03:00:00+08:00
180021,Cubao,,Outdoor,airgradient:d83bda1c3fb8,False,1/4/2026 4:00,2026-01-03T20:00:00.000Z,60,0.2,7.2,186,467,467,28.7,28.8,31.3,45,64,102,108,2,0.0,0.4,,,,,,,,,,,,,,,,,,,,,2026-01-04 04:00:00+08:00
180021,Cubao,,Outdoor,airgradient:d83bda1c3fb8,False,1/4/2026 5:00,2026-01-03T21:00:00.000Z,60,2.5,11.6,301,474,474,28.6,28.6,31.0,45,64,94,99,2,0.7,2.8,,,,,,,,,,,,,,,,,,,,,2026-01-04 05:00:00+08:00
180021,Cubao,,Outdoor,airgradient:d83bda1c3fb8,False,1/4/2026 6:00,2026-01-03T22:00:00.000Z,60,8.1,22.4,579,497,497,28.5,28.5,30.8,46,65,162,163,2,5.0,8.5,,,,,,,,,,,,,,,,,,,,,2026-01-04 06:00:00+08:00
180021,Cubao,,Outdoor,airgradient:d83bda1c3fb8,False,1/4/2026 7:00,2026-01-03T23:00:00.000Z,60,11.2,22.8,628,490,490,28.5,28.5,30.9,46,65,202,193,3,6.0,12.4,,,,,,,,,,,,,,,,,,,,,2026-01-04 07:00:00+08:00
180021,Cubao,,Outdoor,airgradient:d83bda1c3fb8,True,1/4/2026 8:00,2026-01-04T00:00:00.000Z,60,25.3,30.3,1178,511,511,29.0,29.2,32.1,46,65,360,209,2,14.9,28.1,,,,,,,,,,,,,,,,,,,,,2026-01-04 08:00:00+08:00
180021,Cubao,,Outdoor,airgradient:d83bda1c3fb8,True,1/4/2026 9:00,2026-01-04T01:00:00.000Z,60,12.8,19.2,688,440,440,30.2,30.5,33.8,41,60,390,243,1,7.5,14.6,,,,,,,,,,,,,,,,,,,,,2026-01-04 09:00:00+08:00
180021,Cubao,,Outdoor,airgradient:d83bda1c3fb8,True,1/4/2026 10:00,2026-01-04T02:00:00.000Z,60,1.7,9.6,247,409,409,31.1,31.6,35.3,39,57,134,103,1,0.5,2.0,,,,,,,,,,,,,,,,,,,,,2026-01-04 10:00:00+08:00
180021,Cubao,,Outdoor,airgradient:d83bda1c3fb8,True,1/4/2026 11:00,2026-01-04T03:00:00.000Z,60,0.1,5.9,152,395,395,31.5,32.1,35.8,38,55,29,25,1,0.0,0.2,,,,,,,,,,,,,,,,,,,,,2026-01-04 11:00:00+08:00
180021,Cubao,,Outdoor,airgradient:d83bda1c3fb8,True,1/4/2026 12:00,2026-01-04T04:00:00.000Z,60,0.1,5.7,148,400,400,31.7,32.3,36.2,38,55,39,37,1,0.0,0.1,,,,,,,,,,,,,,,,,,,,,2026-01-04 12:00:00+08:00
180021,Cubao,,Outdoor,airgradient:d83bda1c3fb8,True,1/4/2026 13:00,2026-01-04T05:00:00.000Z,60,0.1,6.4,166,408,408,31.8,32.4,36.6,38,55,50,51,1,0.0,0.2,,,,,,,,,,,,,,,,,,,,,2026-01-04 13:00:00+08:00
180021,Cubao,,Outdoor,airgradient:d83bda1c3fb8,True,1/4/2026 14:00,2026-01-04T06:00:00.000Z,60,0.0,5.9,152,394,394,31.9,32.5,36.6,38,55,38,37,1,0.0,0.1,,,,,,,,,,,,,,,,,,,,,2026-01-04 14:00:00+08:00
180021,Cubao,,Outdoor,airgradient:d83bda1c3fb8,True,1/4/2026 15:00,2026-01-04T07:00:00.000Z,60,0.1,5.2,134,393,393,31.7,32.3,36.3,38,55,36,34,1,0.0,0.1,,,,,,,,,,,,,,,,,,,,,2026-01-04 15:00:00+08:00
180021,Cubao,,Outdoor,airgradient:d83bda1c3fb8,True,1/4/2026 16:00,2026-01-04T08:00:00.000Z,60,0.3,7.6,197,425,425,31.7,32.3,36.6,39,56,177,123,1,0.0,0.6,,,,,,,,,,,,,,,,,,,,,2026-01-04 16:00:00+08:00
180021,Cubao,,Outdoor,airgradient:d83bda1c3fb8,True,1/4/2026 17:00,2026-01-04T09:00:00.000Z,49,0.2,7.2,187,487,487,31.4,32.0,36.5,40,58,805,349,1,0.0,0.4,,,,,,,,,,,,,,,,,,,,,2026-01-04 17:00:00+08:00
180021,Cubao,,Outdoor,airgradient:d83bda1c3fb8,False,1/4/2026 22:00,2026-01-04T14:00:00.000Z,5,22.7,22.7,902,482,482,30.3,30.7,34.7,44,62,330,285,2,12.4,24.0,,,,,,,,,,,,,,,,,,,,,2026-01-04 22:00:00+08:00
180021,Cubao,,Outdoor,airgradient:d83bda1c3fb8,True,3/3/2026 12:00,2026-03-03T04:00:00.000Z,29,49.4,49.4,2416,971,971,29.1,29.2,36.1,60,83,88,94,1,31.7,60.7,,,,,,,,,,,,,,,,,,,,,2026-03-03 12:00:00+08:00
180021,Cubao,,Outdoor,airgradient:d83bda1c3fb8,True,3/3/2026 13:00,2026-03-03T05:00:00.000Z,60,30.4,30.4,1288,777,777,30.7,31.1,39.4,54,75,82,82,1,21.1,33.5,,,,,,,,,,,,,,,,,,,,,2026-03-03 13:00:00+08:00
180021,Cubao,,Outdoor,airgradient:d83bda1c3fb8,True,3/3/2026 14:00,2026-03-03T06:00:00.000Z,60,22.1,23.5,903,735,735,30.8,31.2,38.6,51,71,21,16,1,12.6,23.6,,,,,,,,,,,,,,,,,,,,,2026-03-03 14:00:00+08:00
180021,Cubao,,Outdoor,airgradient:d83bda1c3fb8,True,3/3/2026 15:00,2026-03-03T07:00:00.000Z,60,11.8,23.8,617,716,716,30.9,31.3,38.5,50,70,20,14,1,5.9,13.3,,,,,,,,,,,,,,,,,,,,,2026-03-03 15:00:00+08:00
180021,Cubao,,Outdoor,airgradient:d83bda1c3fb8,True,3/3/2026 16:00,2026-03-03T08:00:00.000Z,60,7.0,18.5,479,678,678,30.8,31.3,38.2,49,69,21,16,1,3.6,7.5,,,,,,,,,,,,,,,,,,,,,2026-03-03 16:00:00+08:00
180021,Cubao,,Outdoor,airgradient:d83bda1c3fb8,True,3/3/2026 17:00,2026-03-03T09:00:00.000Z,42,7.4,18.7,485,660,660,30.9,31.3,38.2,49,69,23,19,1,3.8,8.0,,,,,,,,,,,,,,,,,,,,,2026-03-03 17:00:00+08:00
180021,Cubao,,Outdoor,airgradient:d83bda1c3fb8,False,3/3/2026 20:00,2026-03-03T12:00:00.000Z,58,17.3,25.8,711,879,879,30.2,30.6,38.1,54,76,94,98,1,7.6,19.3,,,,,,,,,,,,,,,,,,,,,2026-03-03 20:00:00+08:00
180021,Cubao,,Outdoor,airgradient:d83bda1c3fb8,False,3/3/2026 21:00,2026-03-03T13:00:00.000Z,60,7.7,20.1,522,679,679,31.1,31.6,38.0,46,66,51,51,1,4.4,8.4,,,,,,,,,,,,,,,,,,,,,2026-03-03 21:00:00+08:00
180021,Cubao,,Outdoor,airgradient:d83bda1c3fb8,False,3/3/2026 22:00,2026-03-03T14:00:00.000Z,60,8.9,21.3,553,669,669,30.9,31.4,36.9,45,64,49,49,1,4.7,10.0,,,,,,,,,,,,,,,,,,,,,2026-03-03 22:00:00+08:00
180021,Cubao,,Outdoor,airgradient:d83bda1c3fb8,False,3/3/2026 23:00,2026-03-03T15:00:00.000Z,60,9.7,22.4,579,763,763,31.0,31.5,37.8,47,66,93,96,1,5.1,10.8,,,,,,,,,,,,,,,,,,,,,2026-03-03 23:00:00+08:00
180021,Cubao,,Outdoor,airgradient:d83bda1c3fb8,False,3/4/2026 0:00,2026-03-03T16:00:00.000Z,60,7.5,19.3,500,760,760,31.0,31.5,38.0,48,67,95,90,1,4.0,8.3,,,,,,,,,,,,,,,,,,,,,2026-03-04 00:00:00+08:00
180021,Cubao,,Outdoor,airgradient:d83bda1c3fb8,False,3/4/2026 1:00,2026-03-03T17:00:00.000Z,60,5.6,16.7,432,821,821,31.0,31.5,38.2,48,68,927,424,1,2.8,5.9,,,,,,,,,,,,,,,,,,,,,2026-03-04 01:00:00+08:00
180021,Cubao,,Outdoor,airgradient:d83bda1c3fb8,False,3/4/2026 2:00,2026-03-03T18:00:00.000Z,60,10.7,23.3,609,695,695,30.9,31.4,37.6,47,67,232,220,1,5.5,12.0,,,,,,,,,,,,,,,,,,,,,2026-03-04 02:00:00+08:00
180021,Cubao,,Outdoor,airgradient:d83bda1c3fb8,False,3/4/2026 3:00,2026-03-03T19:00:00.000Z,60,18.3,25.7,769,684,684,30.8,31.3,37.2,47,66,156,159,1,8.3,20.2,,,,,,,,,,,,,,,,,,,,,2026-03-04 03:00:00+08:00
180021,Cubao,,Outdoor,airgradient:d83bda1c3fb8,False,3/4/2026 4:00,2026-03-03T20:00:00.000Z,59,17.8,27.6,738,683,683,30.7,31.2,36.9,47,66,106,112,1,7.9,19.6,,,,,,,,,,,,,,,,,,,,,2026-03-04 04:00:00+08:00
180021,Cubao,,Outdoor,airgradient:d83bda1c3fb8,True,3/4/2026 19:00,2026-03-04T11:00:00.000Z,15,28.0,28.0,1093,497,497,27.1,26.9,28.9,53,74,83,86,1,19.2,30.6,,,,,,,,,,,,,,,,,,,,,2026-03-04 19:00:00+08:00
180021,Cubao,,Outdoor,airgradient:d83bda1c3fb8,False,3/4/2026 20:00,2026-03-04T12:00:00.000Z,60,27.0,27.0,1049,460,460,29.1,29.2,32.3,46,65,94,99,1,18.2,28.8,,,,,,,,,,,,,,,,,,,,,2026-03-04 20:00:00+08:00
180021,Cubao,,Outdoor,airgradient:d83bda1c3fb8,False,3/4/2026 21:00,2026-03-04T13:00:00.000Z,60,24.9,25.2,993,432,432,28.8,28.9,31.6,45,64,54,55,1,15.8,26.5,,,,,,,,,,,,,,,,,,,,,2026-03-04 21:00:00+08:00
180021,Cubao,,Outdoor,airgradient:d83bda1c3fb8,False,3/4/2026 22:00,2026-03-04T14:00:00.000Z,60,25.0,25.0,985,416,416,28.3,28.3,30.9,48,68,31,28,1,15.5,26.5,,,,,,,,,,,,,,,,,,,,,2026-03-04 22:00:00+08:00
180021,Cubao,,Outdoor,airgradient:d83bda1c3fb8,False,3/4/2026 23:00,2026-03-04T15:00:00.000Z,60,21.0,24.8,829,434,434,28.2,28.2,31.0,49,69,36,34,1,10.2,22.5,,,,,,,,,,,,,,,,,,,,,2026-03-04 23:00:00+08:00
180021,Cubao,,Outdoor,airgradient:d83bda1c3fb8,False,3/5/2026 0:00,2026-03-04T16:00:00.000Z,59,19.5,25.7,785,444,444,28.2,28.2,30.9,49,69,40,38,1,8.7,21.0,,,,,,,,,,,,,,,,,,,,,2026-03-05 00:00:00+08:00
180021,Cubao,,Outdoor,airgradient:d83bda1c3fb8,False,3/5/2026 1:00,2026-03-04T17:00:00.000Z,60,19.2,24.9,787,419,419,27.9,27.8,30.2,50,70,24,19,1,10.5,20.8,,,,,,,,,,,,,,,,,,,,,2026-03-05 01:00:00+08:00
180021,Cubao,,Outdoor,airgradient:d83bda1c3fb8,False,3/5/2026 2:00,2026-03-04T18:00:00.000Z,60,8.2,20.4,528,411,411,27.7,27.6,29.8,49,70,26,22,1,4.6,9.2,,,,,,,,,,,,,,,,,,,,,2026-03-05 02:00:00+08:00
180021,Cubao,,Outdoor,airgradient:d83bda1c3fb8,False,3/5/2026 3:00,2026-03-04T19:00:00.000Z,11,8.2,20.6,534,428,428,27.8,27.7,30.1,49,70,35,33,1,4.5,9.3,,,,,,,,,,,,,,,,,,,,,2026-03-05 03:00:00+08:00
180021,Cubao,,Outdoor,airgradient:d83bda1c3fb8,True,3/5/2026 15:00,2026-03-05T07:00:00.000Z,22,44.5,44.5,2232,590,590,29.0,29.1,33.7,53,75,79,83,1,30.1,54.3,,,,,,,,,,,,,,,,,,,,,2026-03-05 15:00:00+08:00
180021,Cubao,,Outdoor,airgradient:d83bda1c3fb8,True,3/5/2026 16:00,2026-03-05T08:00:00.000Z,60,45.1,45.1,2305,556,556,31.6,32.2,38.8,45,64,81,85,1,30.4,55.1,,,,,,,,,,,,,,,,,,,,,2026-03-05 16:00:00+08:00
180021,Cubao,,Outdoor,airgradient:d83bda1c3fb8,True,3/5/2026 17:00,2026-03-05T09:00:00.000Z,60,23.4,30.5,1131,511,511,31.5,32.1,38.0,44,62,33,30,1,14.2,27.3,,,,,,,,,,,,,,,,,,,,,2026-03-05 17:00:00+08:00
180021,Cubao,,Outdoor,airgradient:d83bda1c3fb8,True,3/5/2026 18:00,2026-03-05T10:00:00.000Z,60,19.1,24.9,795,449,449,30.5,30.9,36.2,47,67,19,12,1,9.4,20.6,,,,,,,,,,,,,,,,,,,,,2026-03-05 18:00:00+08:00
180021,Cubao,,Outdoor,airgradient:d83bda1c3fb8,True,3/5/2026 19:00,2026-03-05T11:00:00.000Z,60,27.2,27.2,1067,434,434,30.0,30.3,35.9,50,70,20,14,1,17.7,29.0,,,,,,,,,,,,,,,,,,,,,2026-03-05 19:00:00+08:00
180021,Cubao,,Outdoor,airgradient:d83bda1c3fb8,False,3/5/2026 20:00,2026-03-05T12:00:00.000Z,1,26.3,26.3,1040,413,413,29.9,30.2,35.5,50,70,21,16,1,18.5,28.7,,,,,,,,,,,,,,,,,,,,,2026-03-05 20:00:00+08:00
180021,Cubao,,Outdoor,airgradient:d83bda1c3fb8,False,3/9/2026 5:00,2026-03-08T21:00:00.000Z,35,0.2,6.4,166,2568,2568,25.6,25.1,25.7,51,71,88,94,1,0.0,0.4,,,,,,,,,,,,,,,,,,,,,2026-03-09 05:00:00+08:00
180021,Cubao,,Outdoor,airgradient:d83bda1c3fb8,False,3/9/2026 6:00,2026-03-08T22:00:00.000Z,60,0.0,4.5,116,2638,2638,28.9,29.0,31.6,44,63,104,110,1,0.0,0.1,,,,,,,,,,,,,,,,,,,,,2026-03-09 06:00:00+08:00
180021,Cubao,,Outdoor,airgradient:d83bda1c3fb8,False,3/9/2026 7:00,2026-03-08T23:00:00.000Z,60,0.0,5.0,130,2901,2901,30.3,30.7,35.0,45,63,268,234,1,0.0,0.1,,,,,,,,,,,,,,,,,,,,,2026-03-09 07:00:00+08:00
180021,Cubao,,Outdoor,airgradient:d83bda1c3fb8,True,3/9/2026 8:00,2026-03-09T00:00:00.000Z,60,0.0,3.6,93,3216,3216,30.3,30.6,35.6,47,66,382,312,1,0.0,0.0,,,,,,,,,,,,,,,,,,,,,2026-03-09 08:00:00+08:00
180021,Cubao,,Outdoor,airgradient:d83bda1c3fb8,True,3/9/2026 9:00,2026-03-09T01:00:00.000Z,60,0.0,3.6,93,3224,3224,30.1,30.5,35.5,48,67,215,207,1,0.0,0.0,,,,,,,,,,,,,,,,,,,,,2026-03-09 09:00:00+08:00
180021,Cubao,,Outdoor,airgradient:d83bda1c3fb8,True,3/9/2026 10:00,2026-03-09T02:00:00.000Z,2,0.0,3.3,87,3242,3242,30.1,30.4,35.5,48,68,176,178,1,0.0,0.0,,,,,,,,,,,,,,,,,,,,,2026-03-09 10:00:00+08:00
180021,Cubao,,Outdoor,airgradient:d83bda1c3fb8,True,3/9/2026 16:00,2026-03-09T08:00:00.000Z,46,2.7,10.0,259,649,649,28.4,28.5,31.3,49,69,87,92,1,0.2,3.2,,,,,,,,,,,,,,,,,,,,,2026-03-09 16:00:00+08:00
180021,Cubao,,Outdoor,airgradient:d83bda1c3fb8,True,3/9/2026 17:00,2026-03-09T09:00:00.000Z,60,1.1,8.0,206,597,597,31.4,31.9,36.9,42,60,56,57,1,0.1,1.5,,,,,,,,,,,,,,,,,,,,,2026-03-09 17:00:00+08:00
180021,Cubao,,Outdoor,airgradient:d83bda1c3fb8,True,3/9/2026 18:00,2026-03-09T10:00:00.000Z,60,1.1,8.3,215,593,593,31.4,32.0,36.5,40,58,32,29,1,0.0,1.4,,,,,,,,,,,,,,,,,,,,,2026-03-09 18:00:00+08:00
180021,Cubao,,Outdoor,airgradient:d83bda1c3fb8,True,3/9/2026 19:00,2026-03-09T11:00:00.000Z,60,2.6,10.6,276,637,637,31.3,31.9,36.3,40,58,26,22,1,0.1,3.0,,,,,,,,,,,,,,,,,,,,,2026-03-09 19:00:00+08:00
180021,Cubao,,Outdoor,airgradient:d83bda1c3fb8,False,3/9/2026 20:00,2026-03-09T12:00:00.000Z,60,1.9,9.6,249,688,688,31.4,32.0,36.4,40,58,85,87,1,0.1,2.2,,,,,,,,,,,,,,,,,,,,,2026-03-09 20:00:00+08:00
180021,Cubao,,Outdoor,airgradient:d83bda1c3fb8,False,3/9/2026 21:00,2026-03-09T13:00:00.000Z,60,1.7,9.3,240,789,789,31.7,32.4,37.3,40,58,63,66,1,0.1,2.0,,,,,,,,,,,,,,,,,,,,,2026-03-09 21:00:00+08:00
180021,Cubao,,Outdoor,airgradient:d83bda1c3fb8,False,3/9/2026 22:00,2026-03-09T14:00:00.000Z,60,0.6,7.7,199,862,862,32.1,32.8,38.3,40,58,52,53,1,0.0,0.8,,,,,,,,,,,,,,,,,,,,,2026-03-09 22:00:00+08:00
180021,Cubao,,Outdoor,airgradient:d83bda1c3fb8,False,3/9/2026 23:00,2026-03-09T15:00:00.000Z,32,0.7,8.1,211,882,882,32.1,32.8,38.3,40,58,51,53,1,0.0,0.9,,,,,,,,,,,,,,,,,,,,,2026-03-09 23:00:00+08:00
